Latitude,Longitude,TreeID,SiteID,Abbreviation
35.70480553,-106.638489,BOL013,66,BOL
35.70490572,-106.6384137,BOL011,66,BOL
35.70494853,-106.6385804,BOL017,66,BOL
35.70519519,-106.6376791,BOL024,66,BOL
35.705244,-106.638067,BOL010,66,BOL
35.70540684,-106.6373629,BOL027,66,BOL
35.70562375,-106.6373231,BOL030,66,BOL
35.70563306,-106.6373012,BOL031,66,BOL
35.70572815,-106.6369384,BOL036,66,BOL
35.70605261,-106.636945,BOL041,66,BOL
35.70615205,-106.636925,BOL043,66,BOL
35.70621634,-106.6368379,BOL046,66,BOL
35.70639104,-106.6365872,BOL047,66,BOL
35.70656063,-106.6353859,BOL056,66,BOL
35.70658692,-106.6361049,BOL050,66,BOL
35.70658737,-106.6354085,BOL055,66,BOL
35.70660449,-106.6361384,BOL049,66,BOL
35.70666863,-106.6353991,BOL054,66,BOL
35.7070042,-106.6352513,BOL062,66,BOL
35.70727278,-106.6353894,BOL060,66,BOL
35.7072833,-106.6359423,BOL063,66,BOL
35.71186017,-106.5782955,PAL-7,1,PAL
35.711917,-106.5778177,PAL-8,1,PAL
35.71208317,-106.5773833,PAL-9,1,PAL
35.71225783,-106.5773132,PAL-10,1,PAL
35.71226882,-106.5768148,PAL-3,1,PAL
35.71226999,-106.576861,PAL-2,1,PAL
35.712647,-106.5767182,PAL-1,1,PAL
35.71358667,-106.577682,PAL-5,1,PAL
35.713626,-106.5778162,PAL-4,1,PAL
35.713859,-106.578774,PAL-11,1,PAL
35.713883,-106.5787625,PAL-12,1,PAL
35.72121924,-106.794501,PGM35,78,PGM
35.72122324,-106.796402,PGM39,78,PGM
35.72140624,-106.792153,PGM32,78,PGM
35.72150924,-106.79213,PGM31,78,PGM
35.72160024,-106.798007,PGM26,78,PGM
35.72397025,-106.79523,PGM1,78,PGM
35.72416425,-106.795465,PGM6,78,PGM
35.72422824,-106.795511,PGM9,78,PGM
35.72512788,-106.386962,BAL05,95,BAL
35.7254051,-106.3879397,BAL01,95,BAL
35.72549119,-106.38751,BAL03,95,BAL
35.72593457,-106.3889329,BAL02,95,BAL
35.72604477,-106.3887579,BAL08,95,BAL
35.72617517,-106.3883953,BAL07,95,BAL
35.72618431,-106.3883844,BAL09,95,BAL
35.72652224,-106.79992,PGM12,78,PGM
35.72670259,-106.3895654,BAL04,95,BAL
35.72674694,-106.3888475,BAL11,95,BAL
35.72681726,-106.3890035,BAL13,95,BAL
35.72692984,-106.3894035,BAL06,95,BAL
35.72697185,-106.3896696,BAL10,95,BAL
35.72760876,-106.389946,BAL15,95,BAL
35.7276179,-106.3899351,BAL17,95,BAL
35.72769218,-106.3897484,BAL19,95,BAL
35.72804766,-106.3900597,BAL14,95,BAL
35.72905924,-106.3923705,BAL20,95,BAL
35.72932991,-106.3923531,BAL18,95,BAL
35.72939109,-106.39252,BAL21,95,BAL
35.73029781,-106.3936304,BAL22,95,BAL
35.73036851,-106.3937533,BAL24,95,BAL
35.73037765,-106.3937424,BAL26,95,BAL
35.73083696,-106.3937836,BAL23,95,BAL
35.73088369,-106.3936407,BAL25,95,BAL
35.73109989,-106.3936555,BAL27,95,BAL
35.73177404,-106.3946071,BAL28,95,BAL
35.73232127,-106.3948408,BAL31,95,BAL
35.732536,-106.3953602,BAL30,95,BAL
35.73416912,-106.4026212,BAL34,95,BAL
35.73417827,-106.4026103,BAL35,95,BAL
35.73432841,-106.4021043,BAL33,95,BAL
35.73444662,-106.4020179,BAL32,95,BAL
35.73528479,-106.6414885,SAYS 5,82,SAYS
35.73682872,-106.6399943,SAYS 6,82,SAYS
35.73762361,-106.6405413,SAYS 7,82,SAYS
35.73835641,-106.6390305,SAYS 10,82,SAYS
35.73908279,-106.6399742,SAYS 9,82,SAYS
35.74351127,-106.6345249,SAYS 1,82,SAYS
35.74352945,-106.6351777,SAYS 2,82,SAYS
35.74371495,-106.632804,SAYS 3,82,SAYS
35.74376076,-106.6327496,SAYS 4,82,SAYS
35.74600467,-106.5610992,MPC-1,39,MPC
35.74602383,-106.5613827,MPC-2,39,MPC
35.7464865,-106.5620763,MPC-3,39,MPC
35.74695934,-106.514006,BST-4,41,BST
35.7469925,-106.5140733,BST-3,41,BST
35.74705917,-106.5152398,BST-9,41,BST
35.747082,-106.5145063,BST-6,41,BST
35.7470865,-106.5143353,BST-5,41,BST
35.7471145,-106.515253,BST-8,41,BST
35.74719417,-106.514043,BST-2,41,BST
35.74721883,-106.5140127,BST-1,41,BST
35.74727667,-106.5149138,BST-7,41,BST
35.74744867,-106.5630277,MPC-5,39,MPC
35.74748084,-106.5626005,MPC-4,39,MPC
35.74748817,-106.5626512,MPC-11,39,MPC
35.74759434,-106.5630093,MPC-6,39,MPC
35.74796433,-106.5631675,MPC-7,39,MPC
35.7479695,-106.5628133,MPC-9,39,MPC
35.7479805,-106.562819,MPC-8,39,MPC
35.74814183,-106.5627223,MPC-10,39,MPC
35.75068,-106.6242908,SJC-2,24,SJC
35.7512095,-106.6231278,SJC-3,24,SJC
35.75130683,-106.6213855,SJC-7,24,SJC
35.751309,-106.6246737,SJC-1,24,SJC
35.75188248,-106.6206654,SJC-4,24,SJC
35.75256183,-106.620182,SJC-5,24,SJC
35.75275567,-106.6198573,SJC-6,24,SJC
35.76237441,-106.2716306,FRM28,74,FRM
35.76239993,-106.2717748,FRM30,74,FRM
35.76291244,-106.2710529,FRM22,74,FRM
35.7631728,-106.2711566,FRM26,74,FRM
35.76374655,-106.2718903,FRM24,74,FRM
35.76432029,-106.2726239,FRM23,74,FRM
35.76565308,-106.2710633,FRM20,74,FRM
35.76737234,-106.2721748,FRM21,74,FRM
35.76775163,-106.2721144,FRM17,74,FRM
35.76824319,-106.2716687,FRM19,74,FRM
35.76928283,-106.5052302,PER-3,40,PER
35.76947916,-106.5062328,PER-4,40,PER
35.76948833,-106.5062882,PER-5,40,PER
35.7696433,-106.2714144,FRM16,74,FRM
35.769918,-106.5074608,PER-7,40,PER
35.77003934,-106.5076435,PER-8,40,PER
35.770049,-106.5081058,PER-9,40,PER
35.7700795,-106.5071908,PER-2,40,PER
35.77019997,-106.2724853,FRM10,74,FRM
35.7702505,-106.5071685,PER-1,40,PER
35.77031444,-106.2710379,FRM05,74,FRM
35.77031783,-106.2707171,FRM07,74,FRM
35.77055977,-106.2691501,FRM15,74,FRM
35.7705878,-106.2716175,FRM12,74,FRM
35.77062899,-106.2702796,FRM11,74,FRM
35.77087977,-106.2721421,FRM08,74,FRM
35.77095949,-106.2722761,FRM06,74,FRM
35.77100921,-106.2701308,FRM09,74,FRM
35.77104307,-106.2720451,FRM01,74,FRM
35.77107947,-106.2711607,FRM14,74,FRM
35.77109142,-106.272588,FRM03,74,FRM
35.77116623,-106.2723347,FRM02,74,FRM
35.7715248,-106.2725285,FRM04,74,FRM
35.77210473,-106.2705464,FRM13,74,FRM
35.77296774,-106.3461745,CPM13,101,CPM
35.77309628,-106.3459665,CPM12,101,CPM
35.77333399,-106.3456718,CPM10,101,CPM
35.77342103,-106.3459498,CPM14,101,CPM
35.77361392,-106.3456322,CPM09,101,CPM
35.77484866,-106.2779028,FWH09,103,FWH
35.77535236,-106.2788623,FWH08,103,FWH
35.77538512,-106.276628,FWH10,103,FWH
35.77585244,-106.2767683,FWH11,103,FWH
35.77601211,-106.3568575,CPM16,101,CPM
35.77615786,-106.2768727,FWH12,103,FWH
35.7761942,-106.3622816,CPM17,101,CPM
35.77619944,-106.278898,FWH05,103,FWH
35.77644977,-106.3564224,CPM15,101,CPM
35.7767307,-106.3538937,CPM07,101,CPM
35.77687781,-106.2795394,FWH04,103,FWH
35.77694146,-106.2735441,FWH20,103,FWH
35.77700925,-106.3563766,CPM06,101,CPM
35.77704268,-106.3566095,CPM05,101,CPM
35.77710105,-106.2771976,FWH14,103,FWH
35.77725661,-106.3560268,CPM04,101,CPM
35.77728817,-106.3564256,CPM01,101,CPM
35.77728992,-106.3562707,CPM02,101,CPM
35.77738785,-106.277357,FWH15,103,FWH
35.77740772,-106.3562174,CPM03,101,CPM
35.77768983,-106.8030988,JCE-9,22,JCE
35.77778533,-106.8028555,JCE-6,22,JCE
35.77782813,-106.8030685,JCE-8,22,JCE
35.77803716,-106.8033343,JCE-10,22,JCE
35.77830686,-106.2791087,FWH03,103,FWH
35.77843667,-106.8037622,JCE-1,22,JCE
35.77858622,-106.2748758,FWH19,103,FWH
35.77863268,-106.2755957,FWH17,103,FWH
35.77893108,-106.275512,FWH18,103,FWH
35.77909987,-106.2765989,FWH16,103,FWH
35.77916854,-106.8038677,JCE-2,22,JCE
35.7793315,-106.8026513,JCE-4,22,JCE
35.77933392,-106.2783286,FWH02,103,FWH
35.77945633,-106.8035738,JCE-5,22,JCE
35.77953714,-106.8039234,JCE-3,22,JCE
35.77994151,-106.2779953,FWH01,103,FWH
35.78964584,-106.2725627,BAN14,96,BAN
35.79011273,-106.4124005,CPU05,102,CPU
35.79016441,-106.2746734,BAN13,96,BAN
35.79030972,-106.4125146,CPU01,102,CPU
35.79035371,-106.412752,CPU02,102,CPU
35.79040913,-106.4122832,CPU07,102,CPU
35.79045355,-106.4125503,CPU03,102,CPU
35.79087324,-106.2843115,BAN19,96,BAN
35.7912581,-106.4123654,CPU08,102,CPU
35.7915834,-106.7653341,TOV058,87,TOV
35.79219922,-106.764529,TOV052,87,TOV
35.79266287,-106.414039,CPU09,102,CPU
35.79274165,-106.4142396,CPU10,102,CPU
35.7931238,-106.2761592,BAN15,96,BAN
35.79402913,-106.7657644,TOV027,87,TOV
35.79410334,-106.7656222,TOV026,87,TOV
35.79415165,-106.765402,TOV023,87,TOV
35.79434374,-106.7658267,TOV030,87,TOV
35.79443727,-106.76314,TOV005,87,TOV
35.7947086,-106.7630796,TOV002,87,TOV
35.79510601,-106.7624134,TOV022,87,TOV
35.7953707,-106.765263,TOV019,87,TOV
35.79565616,-106.7642403,TOV011,87,TOV
35.7957268,-106.7643414,TOV015,87,TOV
35.79617801,-106.2772039,BAN05,96,BAN
35.79618443,-106.285061,BAN16,96,BAN
35.79646953,-106.6313399,MCN331,133,gp101
35.79646953,-106.6313399,MCN332,133,gp101
35.79646953,-106.6313399,MCN334,133,gp101
35.79646953,-106.6313399,MCN335,133,gp101
35.79653622,-106.277431,BAN06,96,BAN
35.79680815,-106.6269759,MCN956,136,gp103
35.79680815,-106.6269759,MCN957,136,gp103
35.7968878,-106.2867322,BAN17,96,BAN
35.79696083,-106.6290151,MCN1616,135,gp102
35.79696083,-106.6290151,MCN1617,135,gp102
35.79696083,-106.6290151,MCN1618,135,gp102
35.79700819,-106.6201746,MCN1609,138,gp106
35.79700819,-106.6201746,MCN1610,138,gp106
35.79700819,-106.6201746,MCN1611,138,gp106
35.79700819,-106.6201746,MCN961,138,gp106
35.79700819,-106.6201746,MCN998,138,gp106
35.79714644,-106.6179421,MCN337,139,gp107
35.79714644,-106.6179421,MCN338,139,gp107
35.79714644,-106.6179421,MCN339,139,gp107
35.7971487,-106.622457,MCN340,137,gp105
35.7971487,-106.622457,MCN341,137,gp105
35.79793541,-106.616011,MCN09,108,MCN
35.79807166,-106.5426841,LOG13,107,LOG
35.79810964,-106.5421816,LOG05,107,LOG
35.79813533,-106.541408,LOG10,107,LOG
35.79833849,-106.6158551,MCN10,108,MCN
35.79836662,-106.5411996,LOG11,107,LOG
35.79838914,-106.2812232,BAN69,96,BAN
35.79843434,-106.733559,HME-8,21,HME
35.79847717,-106.7325515,HME-10,21,HME
35.79853867,-106.7307672,HME-12,21,HME
35.79858395,-106.5414651,LOG07,107,LOG
35.79859003,-106.54222,LOG02,107,LOG
35.79860064,-106.5407783,LOG12,107,LOG
35.79860758,-106.5402366,LOG22,107,LOG
35.79861192,-106.539898,LOG26,107,LOG
35.79865914,-106.6334097,MCN248,140,gp109
35.79865914,-106.6334097,MCN249,140,gp109
35.79875846,-106.6267501,MCN1620,142,gp112
35.79875846,-106.6267501,MCN1621,142,gp112
35.79875846,-106.6267501,MCN1622,142,gp112
35.79875846,-106.6267501,MCN1623,142,gp112
35.79875846,-106.6267501,MCN1624,142,gp112
35.79875846,-106.6267501,MCN1625,142,gp112
35.79875846,-106.6267501,MCN1626,142,gp112
35.79875846,-106.6267501,MCN1627,142,gp112
35.79875846,-106.6267501,MCN1628,142,gp112
35.79879617,-106.7341002,HME-7,21,HME
35.79881758,-106.629042,MCN233,141,gp111
35.79881758,-106.629042,MCN234,141,gp111
35.79881758,-106.629042,MCN235,141,gp111
35.79881758,-106.629042,MCN236,141,gp111
35.79881758,-106.629042,MCN237,141,gp111
35.79884019,-106.54177,LOG03,107,LOG
35.79885663,-106.5411026,LOG08,107,LOG
35.79887657,-106.6246832,MCN0229,143,gp113
35.79887657,-106.6246832,MCN226,143,gp113
35.79887657,-106.6246832,MCN227,143,gp113
35.79887657,-106.6246832,MCN228,143,gp113
35.79887657,-106.6246832,MCN230,143,gp113
35.79887657,-106.6246832,MCN231,143,gp113
35.79888088,-106.5398258,LOG27,107,LOG
35.79888327,-106.6201795,MCN224,144,gp115
35.79888327,-106.6201795,MCN225,144,gp115
35.79888327,-106.6201795,MCN459,144,gp115
35.79888327,-106.6201795,MCN461,144,gp115
35.79888425,-106.6180991,MCN1612,145,gp116
35.79888425,-106.6180991,MCN1613,145,gp116
35.79888425,-106.6180991,MCN958,145,gp116
35.79888425,-106.6180991,MCN959,145,gp116
35.79888425,-106.6180991,MCN960,145,gp116
35.79888455,-106.5401548,LOG23,107,LOG
35.79894254,-106.6157764,MCN221,146,gp117
35.79894254,-106.6157764,MCN222,146,gp117
35.79894254,-106.6157764,MCN223,146,gp117
35.7989835,-106.7305615,HME-11,21,HME
35.79907133,-106.732463,HME-9,21,HME
35.79926983,-106.7336017,HME-1,21,HME
35.799332,-106.7304197,HME-13,21,HME
35.79936,-106.6160946,MCN08,108,MCN
35.79948113,-106.6170267,MCN16,108,MCN
35.79961367,-106.733919,HME-2,21,HME
35.79983672,-106.6170886,MCN17,108,MCN
35.79990333,-106.7341977,HME-4,21,HME
35.79994083,-106.7341383,HME-5,21,HME
35.79994124,-106.6159423,MCN07,108,MCN
35.79996884,-106.7339918,HME-3,21,HME
35.800293,-106.733543,HME-6,21,HME
35.800496,-106.550752,LGR41,125,LGR2
35.800499,-106.551575,LGR11,124,LGR1
35.800499,-106.551575,LGR2,124,LGR1
35.80054376,-106.6180442,MCN309,151,gp125
35.80054376,-106.6180442,MCN336,151,gp125
35.80054487,-106.6313015,MCN1619,147,gp119
35.80054487,-106.6313015,MCN301,147,gp119
35.80060665,-106.6267435,MCN302,148,gp121
35.80060665,-106.6267435,MCN303,148,gp121
35.80060665,-106.6267435,MCN304,148,gp121
35.80060665,-106.6267435,MCN305,148,gp121
35.8006525,-106.6246862,MCN1629,149,gp122
35.8006525,-106.6246862,MCN1630,149,gp122
35.8006525,-106.6246862,MCN954,149,gp122
35.8006525,-106.6246862,MCN955,149,gp122
35.80066362,-106.6225285,MCN306,150,gp123
35.80066362,-106.6225285,MCN307,150,gp123
35.80066362,-106.6225285,MCN308,150,gp123
35.800664,-106.552332,LGR17,124,LGR1
35.800688,-106.551941,LGR13,124,LGR1
35.800719,-106.550663,LGR40,124,LGR1
35.800746,-106.552331,LGR16,124,LGR1
35.800902,-106.550462,LGR49,125,LGR2
35.800926,-106.550812,LGR45,125,LGR2
35.800987,-106.550839,LGR44,125,LGR2
35.801026,-106.55086,LGR43,125,LGR2
35.801046,-106.550952,LGR55,125,LGR2
35.801124,-106.550595,LGR53,125,LGR2
35.801124,-106.550561,LGR54,125,LGR2
35.801438,-106.550755,LGR52,125,LGR2
35.801483,-106.55091,LGR48,125,LGR2
35.801738,-106.551025,LGR46,125,LGR2
35.80205172,-106.5989997,SDP-1,60,SDP
35.80205172,-106.5989997,SDP-2,60,SDP
35.80236869,-106.6291034,MCN385,153,gp129
35.80236869,-106.6291034,MCN390,153,gp129
35.80236869,-106.6291034,MCN391,153,gp129
35.8023983,-106.6335638,MCN269,152,gp127
35.8023983,-106.6335638,MCN270,152,gp127
35.80240065,-106.6247439,MCN238,155,gp131
35.80240065,-106.6247439,MCN239,155,gp131
35.80240065,-106.6247439,MCN240,155,gp131
35.80240065,-106.6247439,MCN241,155,gp131
35.80240065,-106.6247439,MCN242,155,gp131
35.80243456,-106.6269025,MCN464,154,gp130
35.80243456,-106.6269025,MCN466,154,gp130
35.80243456,-106.6269025,MCN467,154,gp130
35.80246719,-106.6224877,MCN949,156,gp132
35.80246719,-106.6224877,MCN950,156,gp132
35.80246719,-106.6224877,MCN951,156,gp132
35.80246719,-106.6224877,MCN952,156,gp132
35.80246719,-106.6224877,MCN953,156,gp132
35.80246719,-106.6224877,MCN999,156,gp132
35.8025062,-106.6202641,MCN460,157,gp133
35.8025062,-106.6202641,MCN462,157,gp133
35.802547,-106.6158937,MCN215,158,gp135
35.802547,-106.6158937,MCN216,158,gp135
35.802547,-106.6158937,MCN217,158,gp135
35.802547,-106.6158937,MCN218,158,gp135
35.802547,-106.6158937,MCN219,158,gp135
35.802547,-106.6158937,MCN220,158,gp135
35.80357264,-106.6208834,MCN06,108,MCN
35.80366483,-106.5025592,PNE-1,15,PNE
35.8037755,-106.502781,PNE-4,15,PNE
35.8037815,-106.502564,PNE-2,15,PNE
35.80385983,-106.5028477,PNE-5,15,PNE
35.80387434,-106.5027293,PNE-6,15,PNE
35.803906,-106.5025572,PNE-3,15,PNE
35.8039555,-106.5028608,PNE-7,15,PNE
35.803988,-106.5026777,PNE-8,15,PNE
35.80402683,-106.5026295,PNE-9,15,PNE
35.8040495,-106.5022507,PNE-10,15,PNE
35.80416159,-106.6291843,MCN1631,160,gp138
35.80416159,-106.6291843,MCN1632,160,gp138
35.80416159,-106.6291843,MCN1633,160,gp138
35.80416159,-106.6291843,MCN1638,160,gp138
35.80416159,-106.6291843,MCN1645,160,gp138
35.80416159,-106.6291843,MCN1646,160,gp138
35.80416159,-106.6291843,MCN1647,160,gp138
35.80416159,-106.6291843,MCN1649,160,gp138
35.80416159,-106.6291843,MCN1650,160,gp138
35.80419437,-106.6314204,MCN310,159,gp137
35.80419437,-106.6314204,MCN311,159,gp137
35.80419437,-106.6314204,MCN312,159,gp137
35.80419437,-106.6314204,MCN313,159,gp137
35.80422465,-106.6225235,MCN326,162,gp141
35.80422465,-106.6225235,MCN327,162,gp141
35.80422465,-106.6225235,MCN328,162,gp141
35.80422465,-106.6225235,MCN329,162,gp141
35.80423982,-106.6247371,MCN124,161,gp140
35.80425727,-106.6180974,MCN323,164,gp143
35.80425727,-106.6180974,MCN324,164,gp143
35.80425727,-106.6180974,MCN325,164,gp143
35.80429055,-106.6203115,MCN943,163,gp142
35.80429055,-106.6203115,MCN944,163,gp142
35.80429055,-106.6203115,MCN946,163,gp142
35.80429055,-106.6203115,MCN947,163,gp142
35.80429055,-106.6203115,MCN948,163,gp142
35.80434968,-106.6159192,MCN210,165,gp144
35.80434968,-106.6159192,MCN211,165,gp144
35.80434968,-106.6159192,MCN212,165,gp144
35.80434968,-106.6159192,MCN213,165,gp144
35.80434968,-106.6159192,MCN214,165,gp144
35.80461633,-106.5024342,PNE-11,15,PNE
35.80502964,-106.6185612,MCN30,108,MCN
35.80533701,-106.6188956,MCN28,108,MCN
35.80568302,-106.6196683,MCN29,108,MCN
35.80592054,-106.6291096,MCN251,168,gp147
35.80592054,-106.6291096,MCN252,168,gp147
35.80593424,-106.6314228,MCN131,167,gp146
35.80593424,-106.6314228,MCN2060,167,gp146
35.80593424,-106.6314228,MCN2062,167,gp146
35.80593424,-106.6314228,MCN2128,167,gp146
35.80593424,-106.6314228,MCN790,167,gp146
35.80593424,-106.6314228,MCN796,167,gp146
35.80593424,-106.6314228,MCN797,167,gp146
35.80594947,-106.6269742,MCN1639,169,gp148
35.80594947,-106.6269742,MCN1640,169,gp148
35.80594947,-106.6269742,MCN1641,169,gp148
35.80594947,-106.6269742,MCN1642,169,gp148
35.80594947,-106.6269742,MCN1643,169,gp148
35.80594947,-106.6269742,MCN1644,169,gp148
35.80594947,-106.6269742,MCN1648,169,gp148
35.80595751,-106.633692,MCN258,166,gp145
35.80595751,-106.633692,MCN261,166,gp145
35.80595751,-106.633692,MCN262,166,gp145
35.8059785,-106.6248278,MCN259,170,gp149
35.8059785,-106.6248278,MCN275,170,gp149
35.80609411,-106.6202706,MCN243,171,gp151
35.80609411,-106.6202706,MCN246,171,gp151
35.80609411,-106.6202706,MCN247,171,gp151
35.80610558,-106.6213724,MCN03,108,MCN
35.80611645,-106.6159328,MCN207,182,gp180
35.80611645,-106.6159328,MCN208,182,gp180
35.80611645,-106.6159328,MCN209,182,gp180
35.80660143,-106.6209449,MCN02,108,MCN
35.80674611,-106.6201275,MCN04,108,MCN
35.80691174,-106.6210606,MCN01,108,MCN
35.80719669,-106.6197538,MCN05,108,MCN
35.80760711,-106.6337037,MCN1000,172,gp153
35.80760711,-106.6337037,MCN1652,172,gp153
35.80760711,-106.6337037,MCN2100,172,gp153
35.80760711,-106.6337037,MCN789,172,gp153
35.80760711,-106.6337037,MCN793,172,gp153
35.80760711,-106.6337037,MCN794,172,gp153
35.80760711,-106.6337037,MCN795,172,gp153
35.80760711,-106.6337037,MCN800,172,gp153
35.80773691,-106.6314486,MCN263,173,gp154
35.80773691,-106.6314486,MCN264,173,gp154
35.80773691,-106.6314486,MCN267,173,gp154
35.80778639,-106.6271335,MCN123,174,gp156
35.80778639,-106.6271335,MCN314,174,gp156
35.80778639,-106.6271335,MCN315,174,gp156
35.80783088,-106.6222826,MCN14,108,MCN
35.80783585,-106.6248104,MCN1634,175,gp157
35.80783585,-106.6248104,MCN1635,175,gp157
35.80786529,-106.6226307,MCN316,176,gp158
35.80786529,-106.6226307,MCN318,176,gp158
35.80789159,-106.6180052,MCN319,177,gp160
35.80789159,-106.6180052,MCN320,177,gp160
35.80789159,-106.6180052,MCN321,177,gp160
35.80789159,-106.6180052,MCN322,177,gp160
35.80810624,-106.6216866,MCN12,108,MCN
35.80855017,-106.621805,MCN15,108,MCN
35.80855312,-106.6215862,MCN13,108,MCN
35.80891757,-106.620992,MCN11,108,MCN
35.80959663,-106.6292621,MCN272,179,gp164
35.80959663,-106.6292621,MCN273,179,gp164
35.80959663,-106.6292621,MCN274,179,gp164
35.80962547,-106.6337782,MCN0250,178,gp162
35.80962547,-106.6337782,MCN0260,178,gp162
35.80962547,-106.6337782,MCN0268,178,gp162
35.80962547,-106.6337782,MCN271,178,gp162
35.8097086,-106.628392,MCN18,108,MCN
35.80971032,-106.6248596,MCN253,180,gp166
35.80971032,-106.6248596,MCN254,180,gp166
35.80971032,-106.6248596,MCN255,180,gp166
35.80971032,-106.6248596,MCN256,180,gp166
35.80971032,-106.6248596,MCN257,180,gp166
35.80973082,-106.6159839,MCN201,181,gp170
35.80973082,-106.6159839,MCN202,181,gp170
35.80973082,-106.6159839,MCN203,181,gp170
35.80973082,-106.6159839,MCN204,181,gp170
35.80973082,-106.6159839,MCN205,181,gp170
35.80973082,-106.6159839,MCN206,181,gp170
35.81000038,-106.6331565,MCN19,108,MCN
35.81053562,-106.6331128,MCN20,108,MCN
35.81077312,-106.6353055,MCN23,108,MCN
35.81092969,-106.6368949,MCN27,108,MCN
35.8113818,-106.6364119,MCN24,108,MCN
35.81147907,-106.6358122,MCN22,108,MCN
35.81188062,-106.6259203,MCN21,108,MCN
35.81200611,-106.63637,MCN26,108,MCN
35.81208775,-106.6369187,MCN25,108,MCN
35.81287367,-106.3972305,BAN38,96,BAN
35.8137016,-106.3958061,BAN39,96,BAN
35.81476008,-106.397817,BAN40,96,BAN
35.81536733,-106.6871758,TWS-8,2,TWS
35.81536733,-106.6871758,TWS-8,50,
35.81636834,-106.3677382,BAN45,96,BAN
35.81668987,-106.6836641,TWS-12,2,TWS
35.81668987,-106.6836641,TWS-12,50,
35.81671208,-106.6833657,TWS-13,2,TWS
35.81671208,-106.6833657,TWS-13,50,
35.81686381,-106.3478227,BAN26,96,BAN
35.81710761,-106.3740601,BAN42,96,BAN
35.81711233,-106.6837465,TWS-7,2,TWS
35.81711233,-106.6837465,TWS-7,50,
35.81720407,-106.3735083,BAN43,96,BAN
35.81722783,-106.6836353,TWS-1,2,TWS
35.81722783,-106.6836353,TWS-1,50,
35.81731715,-106.68329,TWS-11,2,TWS
35.81731715,-106.68329,TWS-11,50,
35.81735802,-106.6835897,TWS-10,2,TWS
35.81735802,-106.6835897,TWS-10,50,
35.81739133,-106.6839123,TWS-3,2,TWS
35.81739133,-106.6839123,TWS-3,50,
35.81752945,-106.4077168,BAN36,96,BAN
35.81753633,-106.6838472,TWS-2,2,TWS
35.81753633,-106.6838472,TWS-2,50,
35.81754425,-106.3353263,BAN95,96,BAN
35.81755654,-106.3342196,BAN96,96,BAN
35.81777932,-106.6843678,TWS-4,2,TWS
35.81777932,-106.6843678,TWS-4,50,
35.81782204,-106.3346668,BAN94,96,BAN
35.8180295,-106.6842035,TWS-5,2,TWS
35.8180295,-106.6842035,TWS-5,50,
35.81806487,-106.3290256,BAN93,96,BAN
35.81823217,-106.6844732,TWS-6,2,TWS
35.81823217,-106.6844732,TWS-6,50,
35.81834385,-106.3282554,BAN91,96,BAN
35.81860589,-106.4081786,BAN37,96,BAN
35.81869583,-106.3290361,BAN97,96,BAN
35.81879331,-106.3283736,BAN92,96,BAN
35.81888667,-106.407298,BAN34,96,BAN
35.81890349,-106.3903626,BAN46,96,BAN
35.81933086,-106.4078593,BAN33,96,BAN
35.81938417,-106.3401168,BAN98,96,BAN
35.819538,-106.797314,BAC-6,5,BAC
35.819602,-106.797375,BAC-5,5,BAC
35.81978154,-106.4078673,BAN32,96,BAN
35.81990737,-106.3497559,BAN99,96,BAN
35.819966,-106.797963,BAC-7,5,BAC
35.819977,-106.797743,BAC-8,5,BAC
35.820107,-106.797596,BAC-3,5,BAC
35.820117,-106.79729,BAC-2,5,BAC
35.820119,-106.797605,BAC-9,5,BAC
35.82012887,-106.3700165,BAN22,96,BAN
35.820172,-106.797466,BAC-4,5,BAC
35.82019399,-106.797452,BAC-1,5,BAC
35.82031797,-106.3692449,BAN23,96,BAN
35.820438,-106.797964,BAC-10,5,BAC
35.821335,-106.799453,BAC-11,5,BAC
35.82148723,-106.3694864,BAN21,96,BAN
35.821603,-106.3829931,BAN50,96,BAN
35.82215274,-106.3822278,BAN51,96,BAN
35.82234435,-106.396843,BAN11,96,BAN
35.8224229,-106.3978406,BAN71,96,BAN
35.82252205,-106.3970675,BAN47,96,BAN
35.82260832,-106.3974011,BAN48,96,BAN
35.82285982,-106.3834577,BAN67,96,BAN
35.82395419,-106.3823697,BAN68,96,BAN
35.82443121,-106.387913,BAN49,96,BAN
35.82486654,-106.3892489,BAN66,96,BAN
35.82557411,-106.5765997,EFK01,73,EFK
35.8255847,-106.5767658,EFK03,73,EFK
35.82559144,-106.5767981,EFK04,73,EFK
35.82560177,-106.5765552,EFK02,73,EFK
35.82565313,-106.5747368,EFK08,73,EFK
35.82583136,-106.5748953,EFK06,73,EFK
35.82585638,-106.5757371,EFK05,73,EFK
35.8258792,-106.5753722,EFK07,73,EFK
35.82616102,-106.5766508,EFK10,73,EFK
35.82622302,-106.576652,EFK09,73,EFK
35.82641657,-106.5763527,EFK11,73,EFK
35.82658571,-106.4042236,BAN12,96,BAN
35.82667213,-106.5760546,EFK12,73,EFK
35.82679883,-106.5760337,EFK13,73,EFK
35.82709065,-106.5765169,EFK14,73,EFK
35.8274918,-106.5775184,EFK15,73,EFK
35.82768549,-106.4332471,BAN57,96,BAN
35.82821969,-106.4338102,BAN56,96,BAN
35.82865979,-106.4347038,BAN55,96,BAN
35.82877107,-106.3624046,BAN103,130,BANSCARP
35.8288721,-106.3622403,BAN101,130,BANSCARP
35.82914808,-106.3641381,BAN109,130,BANSCARP
35.82931821,-106.3642406,BAN108,130,BANSCARP
35.82943803,-106.3640102,BAN106,130,BANSCARP
35.82951519,-106.3627716,BAN104,130,BANSCARP
35.82952728,-106.3640892,BAN107,130,BANSCARP
35.82955262,-106.3626505,BAN105,130,BANSCARP
35.83230489,-106.3695615,BAN20,96,BAN
35.83230994,-106.3691188,BAN24,96,BAN
35.83275431,-106.36968,BAN25,96,BAN
35.83512575,-106.4216453,BAN29,96,BAN
35.8356312,-106.4820263,VGRA0099,122,VG
35.83564952,-106.423094,BAN30,96,BAN
35.83591812,-106.4821535,VGRA5011,122,VG
35.83604991,-106.481702,VGRA5022,122,VG
35.83843189,-106.4241401,BAN31,96,BAN
35.84046162,-106.4278302,BAN01,96,BAN
35.84082191,-106.4049174,BAN60,96,BAN
35.84102933,-106.4025959,BAN59,96,BAN
35.84145016,-106.4736312,VGRA0022,122,VG
35.84290182,-106.4273203,BAN58,96,BAN
35.84337502,-106.4086163,BAN202,131,bbud
35.84348511,-106.4679444,VGRA5099,122,VG
35.84354278,-106.4073792,BAN207,131,bbud
35.84376309,-106.4000973,BAN02,96,BAN
35.84391881,-106.4083713,BAN203,131,bbud
35.84400985,-106.4082954,BAN204,131,bbud
35.84415042,-106.4055297,BAN72,96,BAN
35.84422176,-106.4086756,BAN205,131,bbud
35.8446939,-106.407621,BAN209,131,bbud
35.84478235,-106.4077665,BAN208,131,bbud
35.84502707,-106.4084241,BAN210,131,bbud
35.84520651,-106.4077297,BAN09,96,BAN
35.84712682,-106.4635492,VGRA5122,122,VG
35.8505759,-106.4034284,BAN54,96,BAN
35.85067967,-106.4099636,BAN28,96,BAN
35.85083266,-106.4575712,VGRA5177,122,VG
35.85092867,-106.404099,BAN53,96,BAN
35.85111153,-106.4038808,BAN52,96,BAN
35.85226533,-106.7558155,LFC-5,12,LFC
35.852395,-106.7551163,LFC-6,12,LFC
35.85262683,-106.7551433,LFC-8,12,LFC
35.85263283,-106.7547797,LFC-7,12,LFC
35.85267182,-106.7550765,LFC-9,12,LFC
35.85296833,-106.7568605,LFC-4,12,LFC
35.85315017,-106.7568008,LFC-3,12,LFC
35.853184,-106.7564839,LFC-10,12,LFC
35.85350767,-106.7562823,LFC-1,12,LFC
35.85354716,-106.496357,VGLJ0044,122,VG
35.85356333,-106.756207,LFC-2,12,LFC
35.85359278,-106.4963136,VGLJ0066,122,VG
35.85364465,-106.4964917,VGLJ0033,122,VG
35.85384767,-106.4968388,VGLJ0022,122,VG
35.85386633,-106.7579963,LFC-12,12,LFC
35.85407231,-106.4204332,BAN08,96,BAN
35.8543414,-106.4205487,BAN07,96,BAN
35.85488578,-106.4960057,VGLJ0011,122,VG
35.85497638,-106.496694,VGLJ0099,122,VG
35.85510504,-106.4964971,VGLJ0077,122,VG
35.85599233,-106.4961926,VGLJ0122,122,VG
35.8560522,-106.4957286,VGLJ0166,122,VG
35.85648635,-106.4144961,BAN73,96,BAN
35.85707879,-106.4170095,BAN76,96,BAN
35.85730954,-106.4325177,VCVGE004,122,VG
35.85763996,-106.4320253,VCVGE002,122,VG
35.85765165,-106.4325571,VCVGE001,122,VG
35.85768021,-106.4164665,BAN74,96,BAN
35.85772319,-106.4318496,VCVGE003,122,VG
35.85804741,-106.4166723,BAN75,96,BAN
35.86039753,-106.5251248,VGSW5033,122,VG
35.86044019,-106.4079215,BAN61,96,BAN
35.86070926,-106.5232924,BRH01,67,BRH
35.86080869,-106.5232721,BRH02,67,BRH
35.86096903,-106.5262653,VGSW5055,122,VG
35.86098013,-106.5232696,BRH04,67,BRH
35.86123174,-106.5233245,BRH03,67,BRH
35.86222672,-106.5244843,VGSW5011,122,VG
35.8625197,-106.4287906,VCVGE005,122,VG
35.86266885,-106.4291366,VCVGE006,122,VG
35.86317976,-106.4126215,BAN64,96,BAN
35.86456856,-106.4293479,VCVGE009,122,VG
35.86590316,-106.3493308,LNL-4,45,LNL
35.86624817,-106.3516308,LNL-1,45,LNL
35.86642817,-106.3490928,LNL-8,45,LNL
35.86644433,-106.3491262,LNL-9,45,LNL
35.86645834,-106.3487273,LNL-7,45,LNL
35.8664965,-106.3485542,LNL-5,45,LNL
35.86655133,-106.3495048,LNL-11,45,LNL
35.86656366,-106.3494202,LNL-10,45,LNL
35.86657466,-106.348569,LNL-6,45,LNL
35.86676933,-106.351924,LNL-2,45,LNL
35.86678867,-106.3518393,LNL-13,45,LNL
35.86678867,-106.3518393,LNL-14,45,LNL
35.86679083,-106.3518353,LNL-12,45,LNL
35.8668245,-106.3519497,LNL-3,45,LNL
35.8679325,-106.5983435,RDC50,81,RDC
35.8679325,-106.5983435,RDC51,81,RDC
35.87182583,-106.6677838,ELF-10,18,ELF
35.87182583,-106.6677838,ELF-10,50,
35.87187404,-106.66867,ELF-3,18,ELF
35.87187404,-106.66867,ELF-3,50,
35.8719315,-106.6684348,ELF-2,18,ELF
35.8719315,-106.6684348,ELF-2,50,
35.872012,-106.670342,ELF-8,18,ELF
35.872012,-106.670342,ELF-8,50,
35.8720295,-106.6688077,ELF-9,18,ELF
35.8720295,-106.6688077,ELF-9,50,
35.8720795,-106.6685283,ELF-1,18,ELF
35.8720795,-106.6685283,ELF-1,50,
35.872261,-106.6695175,ELF-6,18,ELF
35.872261,-106.6695175,ELF-6,50,
35.87243534,-106.6700863,ELF-7,18,ELF
35.87243534,-106.6700863,ELF-7,50,
35.87254283,-106.6692443,ELF-4,18,ELF
35.87254283,-106.6692443,ELF-4,50,
35.87265117,-106.6690593,ELF-5,18,ELF
35.87265117,-106.6690593,ELF-5,50,
35.87296139,-106.5956798,RDC57,81,RDC
35.87296139,-106.5956798,RDC58,81,RDC
35.87296139,-106.5956798,RDC59,81,RDC
35.87376383,-106.5952462,RDC05,81,RDC
35.87376383,-106.5952462,RDC06,81,RDC
35.87407717,-106.5162932,VGRS0155,122,VG
35.87439858,-106.444888,VGSE100,122,VG
35.87465973,-106.5144213,VGRS0099,122,VG
35.87494282,-106.5134187,VGRS0033,122,VG
35.87528,-106.585709,RDC32,81,RDC
35.8753204,-106.5929583,RDC61,81,RDC
35.8753204,-106.5929583,RDC62,81,RDC
35.875341,-106.593019,RDC60,81,RDC
35.87549632,-106.5138501,VGRS0011,122,VG
35.8768392,-106.4420966,VGSE106,122,VG
35.87702553,-106.4453455,VGSE213,122,VG
35.87705963,-106.4447591,VGSE212,122,VG
35.877201,-106.584283,RDC35,81,RDC
35.877259,-106.590361,RDC22,81,RDC
35.877259,-106.590361,RDC23,81,RDC
35.877361,-106.590403,RDC19,81,RDC
35.877373,-106.590253,RDC20,81,RDC
35.87764051,-106.5921503,RDC63,81,RDC
35.877678,-106.59059,RDC17,81,RDC
35.877965,-106.589856,RDC14,81,RDC
35.87804677,-106.4458847,VGSE214,122,VG
35.878223,-106.585581,RDC40,81,RDC
35.878449,-106.584416,RDC39,81,RDC
35.87882389,-106.5073226,VCHGE008,122,VG
35.87898548,-106.50953,VCHGE004,122,VG
35.8794745,-106.507202,VCHGE006,122,VG
35.87980172,-106.5077066,VCHGE014,122,VG
35.8798716,-106.5078852,VCHGE012,122,VG
35.879997,-106.588715,RDC07,81,RDC
35.88008577,-106.5030263,VGW02111,122,VG
35.88024826,-106.5058873,VGR11,89,VGR
35.88026151,-106.4536017,VGSE066,122,VG
35.88029263,-106.5059436,VGR10,89,VGR
35.88029333,-106.5058882,VGR09,89,VGR
35.880306,-106.589504,RDC09,81,RDC
35.88032188,-106.4590308,VGSE507,122,VG
35.880349,-106.589571,RDC10,81,RDC
35.880421,-106.58952,RDC11,81,RDC
35.88060501,-106.4550149,VGSE508,122,VG
35.88065119,-106.4526894,VGSE509,122,VG
35.88065119,-106.4526894,VGSE511,122,VG
35.8806911,-106.5158322,VCHGE016,122,VG
35.88077175,-106.4531569,VGSE064,122,VG
35.88079068,-106.4500998,VGSE081,122,VG
35.88089263,-106.449869,VGSE080,122,VG
35.88109958,-106.4990908,VGR01,89,VGR
35.88116645,-106.500233,VGR08,89,VGR
35.88117169,-106.4990921,VGR02,89,VGR
35.8812632,-106.4989831,VGR03,89,VGR
35.88126389,-106.4989277,VGR04,89,VGR
35.88128191,-106.4512276,VGSE068,122,VG
35.88130826,-106.4989839,VGR05,89,VGR
35.88137365,-106.4991624,VGR06,89,VGR
35.88142619,-106.4564368,VGSE041,122,VG
35.88142662,-106.3816396,PMR08,111,PMR
35.88143627,-106.3815844,PMR09,111,PMR
35.88143903,-106.4993409,VGR07,89,VGR
35.88173015,-106.3818997,PMR05,111,PMR
35.88183927,-106.380251,PMR21,111,PMR
35.88186017,-106.460045,VGSE0383,122,VG
35.88186017,-106.460045,VGSE505,122,VG
35.88193046,-106.4512727,VGSE069,122,VG
35.88197747,-106.456325,VGSE043,122,VG
35.88198482,-106.3817047,PMR07,111,PMR
35.88214261,-106.3820952,PMR06,111,PMR
35.88230962,-106.4601529,VGSE033,122,VG
35.88285828,-106.5004754,VGW02999,122,VG
35.88286858,-106.5046963,VGW02888,122,VG
35.88295715,-106.5004995,VGW02777,122,VG
35.88298377,-106.5005332,VGW02555,122,VG
35.8830211,-106.5047545,VGW02666,122,VG
35.88324324,-106.3796771,PMR22,111,PMR
35.88339596,-106.3797241,PMR24,111,PMR
35.88341208,-106.3798905,PMR23,111,PMR
35.88363661,-106.5016755,VGW03111,122,VG
35.88437932,-106.3796636,PMR15,111,PMR
35.88441499,-106.3796974,PMR14,111,PMR
35.88441665,-106.3795534,PMR12,111,PMR
35.88444369,-106.3795539,PMR10,111,PMR
35.88450679,-106.379555,PMR11,111,PMR
35.88453877,-106.3799101,PMR13,111,PMR
35.88457739,-106.3789026,PMR16,111,PMR
35.88459542,-106.3789029,PMR02,111,PMR
35.88462297,-106.3788591,PMR01,111,PMR
35.88467945,-106.3794361,PMR03,111,PMR
35.88476666,-106.3796924,PMR25,111,PMR
35.88476767,-106.3796038,PMR27,111,PMR
35.88502528,-106.3783675,PMR17,111,PMR
35.88515414,-106.3781371,PMR18,111,PMR
35.88576948,-106.3803693,PME05,110,PME
35.88584769,-106.3802064,PME09,110,PME
35.88595408,-106.3809119,PME03,110,PME
35.88610081,-106.3800467,PME11,110,PME
35.88621527,-106.3799353,PME15,110,PME
35.88624423,-106.3800218,PME13,110,PME
35.886619,-106.820847,SBN-1,6,SBN
35.886619,-106.820847,SBN-1,50,
35.88692599,-106.820881,SBN-3,6,SBN
35.88692599,-106.820881,SBN-3,50,
35.88693,-106.820916,SBN-2,6,SBN
35.88693,-106.820916,SBN-2,50,
35.887001,-106.820964,SBN-4,6,SBN
35.887001,-106.820964,SBN-4,50,
35.88700371,-106.4167448,EVG002,122,VG
35.88700371,-106.4167448,EVG500,122,VG
35.887359,-106.819736,SBN-10,6,SBN
35.887359,-106.819736,SBN-10,50,
35.887816,-106.819197,SBN-9,6,SBN
35.887816,-106.819197,SBN-9,50,
35.887884,-106.819356,SBN-8,6,SBN
35.887884,-106.819356,SBN-8,50,
35.88789646,-106.3811316,PME17,110,PME
35.887921,-106.82047,SBN-5,6,SBN
35.887921,-106.82047,SBN-5,50,
35.887946,-106.820649,SBN-7,6,SBN
35.887946,-106.820649,SBN-7,50,
35.887995,-106.820551,SBN-6,6,SBN
35.887995,-106.820551,SBN-6,50,
35.88850377,-106.3761345,PME16,110,PME
35.88852919,-106.4423307,VGCME274,122,VG
35.88904546,-106.3776395,PME10,110,PME
35.88906223,-106.3761774,PME08,110,PME
35.88910767,-106.3777182,PME12,110,PME
35.88919096,-106.375958,PME06,110,PME
35.88927196,-106.3759705,PME04,110,PME
35.88928447,-106.4319524,VGCME517,122,VG
35.88928821,-106.3761259,PME02,110,PME
35.88957125,-106.4305838,VGCME512,122,VG
35.88963514,-106.4305185,VGCME510,122,VG
35.89003834,-106.4397767,VGCME283,122,VG
35.89077112,-106.310463,VIL 1,90,VIL
35.89097269,-106.3101672,VIL 4,90,VIL
35.89107172,-106.3101799,VIL 3,90,VIL
35.89115139,-106.431133,VGCME514,122,VG
35.89165237,-106.3368353,PIPE 17,79,PIPE
35.89173533,-106.3138027,VIL 6,90,VIL
35.89182328,-106.3140036,VIL 8,90,VIL
35.89182353,-106.3139814,VIL 7,90,VIL
35.89188736,-106.313916,VIL 10,90,VIL
35.89189357,-106.3141709,VIL 9,90,VIL
35.89189515,-106.3140269,VIL 11,90,VIL
35.89207351,-106.3092547,VIL 13,90,VIL
35.89211999,-106.3377517,PIPE 1,79,PIPE
35.89214654,-106.3099982,VIL 15,90,VIL
35.89233422,-106.3379436,PIPE 2,79,PIPE
35.89264494,-106.4374197,VGCME262,122,VG
35.8928622,-106.3391048,PIPE 12,79,PIPE
35.89286639,-106.3379193,PIPE 4,79,PIPE
35.89286701,-106.337864,PIPE 3,79,PIPE
35.89302264,-106.3931421,PME18,110,PME
35.89308569,-106.3384659,PIPE 11,79,PIPE
35.89312574,-106.3340569,PIPE 27,79,PIPE
35.89316175,-106.3389215,PIPE 25,79,PIPE
35.89316236,-106.3388661,PIPE 26,79,PIPE
35.8932199,-106.3393656,PIPE 10,79,PIPE
35.89323693,-106.4316358,VGCME518,122,VG
35.89329658,-106.338957,PIPE 24,79,PIPE
35.89331942,-106.3393341,PIPE 23,79,PIPE
35.89335659,-106.339235,PIPE 22,79,PIPE
35.89341154,-106.3383495,PIPE 7,79,PIPE
35.89344771,-106.3383391,PIPE 6,79,PIPE
35.89345166,-106.3379846,PIPE 9,79,PIPE
35.89348779,-106.3347389,PIPE 19,79,PIPE
35.89350019,-106.338484,PIPE 20,79,PIPE
35.8935197,-106.3383514,PIPE 8,79,PIPE
35.89353912,-106.3929185,PME19,110,PME
35.89361971,-106.3382755,PIPE 5,79,PIPE
35.89378072,-106.3391978,PIPE 13,79,PIPE
35.89384382,-106.3391989,PIPE 14,79,PIPE
35.89384839,-106.338789,PIPE 21,79,PIPE
35.89411087,-106.3354584,PIPE 18,79,PIPE
35.89413139,-106.3392813,PIPE 15,79,PIPE
35.89422856,-106.3394602,PIPE 16,79,PIPE
35.89500092,-106.4750776,VGWNW501,122,VG
35.89541092,-106.4761931,VGWNW502,122,VG
35.89580157,-106.4045285,PMW10,112,PMW
35.89609449,-106.4048462,PMW09,112,PMW
35.89641769,-106.4049908,PMW08,112,PMW
35.89679819,-106.4050669,PMW07,112,PMW
35.89700343,-106.4044282,PMW14,112,PMW
35.89715146,-106.4050558,PMW06,112,PMW
35.89716065,-106.4291913,VGCME298,122,VG
35.897265,-106.582644,RBS29,105,RBS1
35.89744804,-106.4050611,PMW05,112,PMW
35.897509,-106.582469,RBS2,105,RBS1
35.897533,-106.582034,RBS27,113,RBS3
35.897538,-106.582185,RBS28,113,RBS3
35.8976107,-106.4044389,PMW11,112,PMW
35.89775372,-106.4049145,PMW04,112,PMW
35.89780321,-106.4267099,VGCME303,122,VG
35.89789874,-106.4806159,VGWNW488,122,VG
35.897927,-106.581674,RBS22,113,RBS3
35.897939,-106.581787,RBS26,113,RBS3
35.897941,-106.581483,RBS23,113,RBS3
35.89800869,-106.4046974,PMW02,112,PMW
35.898078,-106.582499,RBS17,105,RBS1
35.898121,-106.581925,RBS19,113,RBS3
35.898169,-106.4806321,VGWNW498,122,VG
35.89823877,-106.4786279,VGWNW499,122,VG
35.898249,-106.582182,RBS25,113,RBS3
35.898252,-106.582031,RBS18,113,RBS3
35.898337,-106.582868,RBS13,105,RBS1
35.8983509,-106.4805025,VGWNW496,122,VG
35.8991518,-106.3809925,CME06,99,CME
35.89923798,-106.4824026,VGWNW492,122,VG
35.89936036,-106.3814614,CME05,99,CME
35.89938896,-106.4260292,VGCME307,122,VG
35.8994035,-106.4821398,VGWNW487,122,VG
35.89950132,-106.3806547,CME03,99,CME
35.8995562,-106.3816064,CME04,99,CME
35.89956206,-106.4258772,VGCME306,122,VG
35.89974395,-106.3810231,CME02,99,CME
35.89990408,-106.3814102,CME01,99,CME
35.90003416,-106.6346708,UWC-1,17,UWC
35.90003416,-106.6346708,UWC-1,50,
35.90019767,-106.6348643,UWC-2,17,UWC
35.90019767,-106.6348643,UWC-2,50,
35.9004405,-106.6353335,UWC-3,17,UWC
35.9004405,-106.6353335,UWC-3,50,
35.900446,-106.718253,SSP4,114,SSP1
35.900466,-106.718943,SSP42,114,SSP1
35.900493,-106.717982,SSP10,114,SSP1
35.900504,-106.718962,SSP41,114,SSP1
35.90053533,-106.6356148,UWC-11,17,UWC
35.90053533,-106.6356148,UWC-11,50,
35.900553,-106.718265,SSP3,114,SSP1
35.90055841,-106.4820616,VGWNW006,122,VG
35.900562,-106.718729,SSP48,114,SSP1
35.9005735,-106.6352027,UWC-4,17,UWC
35.9005735,-106.6352027,UWC-4,50,
35.90059667,-106.6349563,UWC-5,17,UWC
35.90059667,-106.6349563,UWC-5,50,
35.900637,-106.718715,SSP47,114,SSP1
35.900695,-106.718468,SSP2,114,SSP1
35.900706,-106.718494,SSP1,114,SSP1
35.9008025,-106.6356595,UWC-10,17,UWC
35.9008025,-106.6356595,UWC-10,50,
35.900813,-106.635526,UWC-9,17,UWC
35.900813,-106.635526,UWC-9,50,
35.90082083,-106.635251,UWC-7,17,UWC
35.90082083,-106.635251,UWC-7,50,
35.90082483,-106.6351728,UWC-6,17,UWC
35.90082483,-106.6351728,UWC-6,50,
35.900846,-106.718443,SSP7,114,SSP1
35.900862,-106.718405,SSP6,114,SSP1
35.90086767,-106.6355557,UWC-8,17,UWC
35.90086767,-106.6355557,UWC-8,50,
35.900942,-106.718743,SSP9,114,SSP1
35.9010075,-106.6355668,UWC-12,17,UWC
35.9010075,-106.6355668,UWC-12,50,
35.90136949,-106.5933006,ABH 4 05,134,alamo
35.9013882,-106.5925697,ABH 4 04,134,alamo
35.90198406,-106.5925041,ABH 4 02,134,alamo
35.90224851,-106.5922767,ABH 4 01,134,alamo
35.902478,-106.717746,SSP59,115,SSP2
35.90251,-106.717894,SSP24,115,SSP2
35.902759,-106.718218,SSP23,115,SSP2
35.902762,-106.718353,SSP22,115,SSP2
35.902825,-106.71793,SSP17,115,SSP2
35.902837,-106.718361,SSP20,115,SSP2
35.902855,-106.717717,SSP16,115,SSP2
35.902964,-106.717734,SSP15,115,SSP2
35.902984,-106.717851,SSP51,115,SSP2
35.902987,-106.718064,SSP57,115,SSP2
35.903034,-106.717987,SSP52,115,SSP2
35.903037,-106.71779,SSP55,115,SSP2
35.903042,-106.717899,SSP18,115,SSP2
35.903078,-106.717879,SSP54,115,SSP2
35.903106,-106.717939,SSP53,115,SSP2
35.903243,-106.717498,SSP19,115,SSP2
35.903291,-106.71794,SSP58,115,SSP2
35.90462827,-106.3959939,CMN11,100,CMN
35.90466316,-106.3960942,CMN10,100,CMN
35.90469046,-106.3952969,CMN03,100,CMN
35.90472335,-106.3909093,CMN49,132,cmn2
35.90478214,-106.3951655,CMN04,100,CMN
35.90478227,-106.3959301,CMN09,100,CMN
35.90483622,-106.3951664,CMN05,100,CMN
35.90487781,-106.396242,CMN12,100,CMN
35.90495649,-106.3956783,CMN07,100,CMN
35.90499295,-106.3902049,CMN53,132,cmn2
35.90514929,-106.397002,CMN20,100,CMN
35.90516087,-106.3904959,CMN50,132,cmn2
35.90518336,-106.3971007,CMN18,100,CMN
35.90519147,-106.3971784,CMN19,100,CMN
35.90521636,-106.390375,CMN51,132,cmn2
35.90521646,-106.3958047,CMN13,100,CMN
35.90531585,-106.3970342,CMN42,132,cmn2
35.90535681,-106.395364,CMN47,132,cmn2
35.90540626,-106.3957637,CMN43,132,cmn2
35.90540897,-106.3958633,CMN14,100,CMN
35.90545734,-106.3752165,CAS28,97,CAS
35.90546264,-106.3747543,CAS29,97,CAS
35.90557241,-106.390769,CMN52,132,cmn2
35.90564779,-106.3750079,CAS30,97,CAS
35.90565438,-106.3961338,CMN16,100,CMN
35.90576342,-106.3744898,CAS22,97,CAS
35.90586423,-106.3920374,CMN58,132,cmn2
35.9059393,-106.3741846,CAS21,97,CAS
35.9060646,-106.5500464,VJW093,121,VJ
35.90611784,-106.375016,CAS15,97,CAS
35.90615447,-106.3745544,CAS12,97,CAS
35.90618641,-106.3976723,CMN31,100,CMN
35.9062359,-106.3756538,CAS31,97,CAS
35.90625144,-106.3975073,CMN29,100,CMN
35.90625554,-106.3739397,CAS20,97,CAS
35.90632175,-106.3750003,CAS10,97,CAS
35.90632704,-106.3745381,CAS08,97,CAS
35.90633488,-106.3973093,CMN28,100,CMN
35.90642331,-106.3975031,CMN45,132,cmn2
35.90642695,-106.3971447,CMN25,100,CMN
35.90650844,-106.3737514,CAS25,97,CAS
35.90657598,-106.3961394,CMN22,100,CMN
35.90659588,-106.3973471,CMN24,100,CMN
35.90672537,-106.3739671,CAS27,97,CAS
35.90672891,-106.3750266,CAS14,97,CAS
35.90674456,-106.3736592,CAS26,97,CAS
35.90700377,-106.4262877,VGCME535,122,VG
35.90709083,-106.374898,CAS23,97,CAS
35.90727621,-106.3751324,CAS06,97,CAS
35.90730466,-106.5835132,ABH 3 01,134,alamo
35.90739029,-106.3747491,CAS18,97,CAS
35.90753528,-106.3744049,CAS19,97,CAS
35.90756133,-106.3748676,CAS17,97,CAS
35.90757104,-106.3753879,CAS04,97,CAS
35.90757765,-106.3761778,CAS01,97,CAS
35.90758295,-106.3757156,CAS02,97,CAS
35.90765202,-106.3765259,CAS03,97,CAS
35.90773037,-106.3751595,CAS16,97,CAS
35.90774472,-106.3752753,CAS09,97,CAS
35.90775111,-106.3747168,CAS24,97,CAS
35.90780469,-106.5838778,ABH 3 02,134,alamo
35.90780725,-106.5877783,ALA22,134,alamo
35.90781047,-106.3750068,CAS13,97,CAS
35.90782777,-106.5875904,ALA24,134,alamo
35.90783453,-106.3756429,CAS07,97,CAS
35.90792343,-106.5782842,ABH 2 09,134,alamo
35.9079462,-106.3754715,CAS11,97,CAS
35.90800026,-106.3762237,CAS05,97,CAS
35.90807912,-106.5780989,ABH 2 01,134,alamo
35.90809727,-106.5876623,ALA20,134,alamo
35.90835254,-106.4243062,VGCME326,122,VG
35.90840323,-106.5448617,VJW092,121,VJ
35.90840385,-106.5876573,ALA18,134,alamo
35.90853846,-106.5877043,ALA15,134,alamo
35.9087837,-106.5875652,ALA08,134,alamo
35.90878414,-106.5875319,ALA10,134,alamo
35.90888035,-106.5877555,ALA12,134,alamo
35.90921135,-106.5845374,ALA04,134,alamo
35.90923839,-106.584538,ALA06,134,alamo
35.90931385,-106.5842846,ALA02,134,alamo
35.91045451,-106.5395714,VJW083,121,VJ
35.91052655,-106.5374673,VJW075,121,VJ
35.91069113,-106.5379913,VJW081,121,VJ
35.9108453,-106.535102,VJW018,121,VJ
35.91111837,-106.5704465,ABH 1 02,134,alamo
35.91125602,-106.5702608,ABH 1 01,134,alamo
35.91130601,-106.569885,ABH 1 03,134,alamo
35.91141878,-106.5346698,VJW022,121,VJ
35.91154012,-106.5843179,ALA30,134,alamo
35.91155862,-106.5364234,VJW079,121,VJ
35.91168851,-106.5846866,ALA26,134,alamo
35.91180626,-106.5846446,ALA28,134,alamo
35.91184075,-106.5840801,ALA32,134,alamo
35.91214342,-106.5898265,ALA13,134,alamo
35.91216238,-106.5849841,ALA34,134,alamo
35.91219098,-106.589639,ALA11,134,alamo
35.91234396,-106.5903402,ALA14,134,alamo
35.91245213,-106.5889794,ALA16,134,alamo
35.91248716,-106.5890576,ALA09,134,alamo
35.91269034,-106.589372,ALA07,134,alamo
35.91323151,-106.5749875,ABL04,134,alamo
35.91334335,-106.5890748,ALA05,134,alamo
35.91349196,-106.5887453,ALA03,134,alamo
35.91353585,-106.5888348,ALA01,134,alamo
35.91365644,-106.3878851,CAN01,68,CAN
35.91365862,-106.3876967,CAN02,68,CAN
35.91383731,-106.387057,CAN08,68,CAN
35.91384287,-106.3873564,CAN07,68,CAN
35.91387841,-106.3874013,CAN06,68,CAN
35.91388674,-106.3851185,CAN41,68,CAN
35.9139814,-106.3870706,CAN05,68,CAN
35.9140852,-106.3874493,CAN14,68,CAN
35.91411557,-106.5783739,ABL01,134,alamo
35.91414753,-106.3875168,CAN22,68,CAN
35.91416819,-106.3865087,CAN11,68,CAN
35.91417495,-106.3874841,CAN15,68,CAN
35.91418294,-106.3875729,CAN16,68,CAN
35.91419523,-106.3865092,CAN10,68,CAN
35.91419792,-106.3862765,CAN12,68,CAN
35.91421139,-106.3874515,CAN19,68,CAN
35.91421178,-106.3874182,CAN18,68,CAN
35.91422021,-106.5793291,ABL02,134,alamo
35.91425044,-106.387973,CAN25,68,CAN
35.91425492,-106.3875852,CAN17,68,CAN
35.91427722,-106.3879956,CAN23,68,CAN
35.9142835,-106.3874527,CAN20,68,CAN
35.91430063,-106.3875306,CAN21,68,CAN
35.91436031,-106.3886066,CAN27,68,CAN
35.91438735,-106.3886071,CAN26,68,CAN
35.91444968,-106.3886747,CAN28,68,CAN
35.91452378,-106.5180623,VJW017,121,VJ
35.91455963,-106.3885215,CAN29,68,CAN
35.91458962,-106.3882671,CAN30,68,CAN
35.91459902,-106.388234,CAN31,68,CAN
35.91469714,-106.3883244,CAN32,68,CAN
35.91476451,-106.5168479,VJW015,121,VJ
35.91479029,-106.5054891,VJW003,121,VJ
35.91484147,-106.5178911,VJW024,121,VJ
35.91485602,-106.5052798,VJW001,121,VJ
35.91488008,-106.3857564,CAN43,68,CAN
35.91527193,-106.3861733,CAN44,68,CAN
35.9153534,-106.5836404,ABU20,65,ABU
35.91543047,-106.3864975,CAN46,68,CAN
35.91551485,-106.385435,CAN40,68,CAN
35.91564662,-106.5832805,ABU03,65,ABU
35.91575555,-106.5825402,ABU05,65,ABU
35.91575699,-106.5309857,VJO008,121,VJ
35.91575726,-106.5830943,ABU04,65,ABU
35.91653393,-106.5386142,VJO002,121,VJ
35.91660703,-106.5385381,VJO001,121,VJ
35.91718739,-106.5368648,VJO003,121,VJ
35.91732145,-106.5875252,NAB03,134,alamo
35.91735728,-106.5362696,VJO004,121,VJ
35.91749282,-106.5042105,VJW006,121,VJ
35.91752098,-106.503402,VJW004,121,VJ
35.91774426,-106.5100336,VJW016,121,VJ
35.91784595,-106.5091157,VJW012,121,VJ
35.91784595,-106.5091157,VJW014,121,VJ
35.91797153,-106.5874496,NAB05,134,alamo
35.91800974,-106.5232713,VJE022,121,VJ
35.91807456,-106.4798948,VGCM452,122,VG
35.91815213,-106.4801844,VGCM800,122,VG
35.91816802,-106.5071601,VJW008,121,VJ
35.91820894,-106.4799638,VGCM801,122,VG
35.91837367,-106.5357462,VJO005,121,VJ
35.91865344,-106.5079895,VJW010,121,VJ
35.91875394,-106.5869111,NAB07,134,alamo
35.91878171,-106.5868562,NAB13,134,alamo
35.9188748,-106.5825358,ABU13,65,ABU
35.91889283,-106.5825362,ABU14,65,ABU
35.91889698,-106.5870026,NAB15,134,alamo
35.91897105,-106.4824938,VGCM457,122,VG
35.91912683,-106.5866636,NAB09,134,alamo
35.91935532,-106.4703097,VGCM470,122,VG
35.91945407,-106.5864596,NAB11,134,alamo
35.91956833,-106.6772913,BRC-8,4,BRC
35.91963867,-106.8263663,TCN-7,23,TCN
35.91964866,-106.8267798,TCN-5,23,TCN
35.91965684,-106.8268363,TCN-6,23,TCN
35.919665,-106.8267732,TCN-4,23,TCN
35.91978633,-106.6762347,BRC-7,4,BRC
35.919789,-106.6766677,BRC-6,4,BRC
35.91997767,-106.6760572,BRC-5,4,BRC
35.9200255,-106.8276082,TCN-1,23,TCN
35.92003533,-106.6689055,BRC-3,4,BRC
35.92009133,-106.6694083,BRC-2,4,BRC
35.920159,-106.8268178,TCN-3,23,TCN
35.92033717,-106.8277088,TCN-11,23,TCN
35.92038966,-106.676609,BRC-9,4,BRC
35.92052483,-106.676163,BRC-10,4,BRC
35.92064167,-106.6763185,BRC-11,4,BRC
35.92086417,-106.6690912,BRC-1,4,BRC
35.92088833,-106.7537967,OJI-7,11,OJI
35.92088833,-106.7537967,OJI-7,50,
35.9209065,-106.8277358,TCN-10,23,TCN
35.92097289,-106.7544255,OJI-6,11,OJI
35.92097289,-106.7544255,OJI-6,50,
35.92097933,-106.7550393,OJI-8,11,OJI
35.92097933,-106.7550393,OJI-8,50,
35.92099889,-106.4708167,VGCM472,122,VG
35.92101032,-106.7551348,OJI-9,11,OJI
35.92101032,-106.7551348,OJI-9,50,
35.921127,-106.7567205,OJI-11,11,OJI
35.921127,-106.7567205,OJI-11,50,
35.9212225,-106.7531638,OJI-1,11,OJI
35.9212225,-106.7531638,OJI-1,50,
35.92127183,-106.7565245,OJI-10,11,OJI
35.92127183,-106.7565245,OJI-10,50,
35.92144383,-106.7533933,OJI-2,11,OJI
35.92144383,-106.7533933,OJI-2,50,
35.92157724,-106.5213337,VJE018,121,VJ
35.92163823,-106.5215011,VJE019,121,VJ
35.921771,-106.7548522,OJI-5,11,OJI
35.921771,-106.7548522,OJI-5,50,
35.92207267,-106.4707368,VGCM474,122,VG
35.92213359,-106.754614,OJI-4,11,OJI
35.92213359,-106.754614,OJI-4,50,
35.92216783,-106.7541008,OJI-3,11,OJI
35.92216783,-106.7541008,OJI-3,50,
35.92304598,-106.519256,VJE016,121,VJ
35.92387298,-106.5180194,VJE017,121,VJ
35.9239722,-106.5194399,VJE014,121,VJ
35.92404056,-106.4917103,ABR07,64,ABR
35.9240881,-106.5195419,VJE015,121,VJ
35.92446011,-106.4898672,ABR04,64,ABR
35.92447249,-106.4917738,ABR05,64,ABR
35.92448234,-106.4902555,ABR03,64,ABR
35.92451825,-106.4902673,ABR02,64,ABR
35.92455472,-106.4902347,ABR01,64,ABR
35.92507314,-106.5186408,VJE012,121,VJ
35.92516172,-106.5216129,VJE011,121,VJ
35.92573335,-106.5284182,VJE001,121,VJ
35.92638559,-106.5003001,VJE006,121,VJ
35.92660548,-106.5222169,VJE008,121,VJ
35.92713981,-106.5241558,VJE005,121,VJ
35.92715304,-106.5238235,VJE003,121,VJ
35.92759806,-106.5235661,VJE020,121,VJ
35.92875463,-106.5011762,VJE004,121,VJ
35.92991176,-106.5623831,VSC015,119,VSC
35.92993635,-106.562572,VSC017,119,VSC
35.93146266,-106.5637437,VSC020,119,VSC
35.93403911,-106.5082374,VSR043,117,VSR
35.93424873,-106.5087735,VSR041,117,VSR
35.9342499,-106.5636213,VSC018,119,VSC
35.93503224,-106.5016496,VSR029,117,VSR
35.93587306,-106.5036165,VSR035,117,VSR
35.93630473,-106.5015407,VSR031,117,VSR
35.936478,-106.6736,OAC24,109,OAC3
35.93648221,-106.5017657,VSR033,117,VSR
35.936609,-106.673418,OAC23,109,OAC3
35.936651,-106.673449,OAC22,109,OAC3
35.936659,-106.673351,OAC21,109,OAC3
35.936676,-106.673515,OAC28,109,OAC3
35.936751,-106.673304,OAC25,109,OAC3
35.936751,-106.673304,OAC26,109,OAC3
35.936751,-106.673304,OAC31,109,OAC3
35.936751,-106.673304,OAC32,109,OAC3
35.936824,-106.674474,OAC18,123,OAC2
35.936948,-106.674147,oac12,123,OAC2
35.936963,-106.673745,OAC1,109,OAC3
35.937015,-106.673741,OAC14,109,OAC3
35.937101,-106.673371,OAC15,109,OAC3
35.93711243,-106.5674023,VSC011,119,VSC
35.93712,-106.673356,OAC16,123,OAC2
35.93724566,-106.5627159,VSC016,119,VSC
35.93725423,-106.5662079,VSC013,119,VSC
35.9374,-106.673454,OAC13,109,OAC3
35.93822229,-106.570772,VSC007,119,VSC
35.93837759,-106.5733691,VSC001,119,VSC
35.93840687,-106.5786906,VSC008,119,VSC
35.93845928,-106.5733263,VSC003,119,VSC
35.93853188,-106.5787818,VSC010,119,VSC
35.93860055,-106.571489,VSC005,119,VSC
35.93880102,-106.5637331,VSC014,119,VSC
35.93894422,-106.5755309,VSC006,119,VSC
35.93914613,-106.5377222,VSRW006,117,VSR
35.93923542,-106.564296,VSC012,119,VSC
35.93944095,-106.5337039,VSRW007,117,VSR
35.93944095,-106.5337039,VSRW008,117,VSR
35.93950865,-106.5620066,VSLD001,118,VSLD
35.9395292,-106.5611202,VSLD003,118,VSLD
35.93997296,-106.5754515,VSC004,119,VSC
35.94000615,-106.561185,VSLD002,118,VSLD
35.94009883,-106.5344261,VSRW004,117,VSR
35.94019596,-106.5742587,VSC002,119,VSC
35.94145969,-106.558941,VSLD004,118,VSLD
35.94213746,-106.518025,VSR011,117,VSR
35.94231422,-106.5183056,VSR023,117,VSR
35.94250776,-106.5587621,VSLD005,118,VSLD
35.94255181,-106.5588405,VSLD007,118,VSLD
35.94299603,-106.5586497,VSLD009,118,VSLD
35.94334392,-106.5316286,VSRW002,117,VSR
35.9437386,-106.357386,CPS-6,46,CPS
35.94380075,-106.5563818,VSLD006,118,VSLD
35.94402683,-106.357362,CPS-5,46,CPS
35.9440715,-106.3574353,CPS-4,46,CPS
35.94423116,-106.3572242,CPS-3,46,CPS
35.9446255,-106.3572552,CPS-2,46,CPS
35.94493534,-106.3133198,LHV-8,43,LHV
35.94494133,-106.3133463,LHV-9,43,LHV
35.94502583,-106.3573738,CPS-1,46,CPS
35.94503833,-106.3128663,LHV-5,43,LHV
35.94507684,-106.3128803,LHV-6,43,LHV
35.94507767,-106.312693,LHV-7,43,LHV
35.94509769,-106.5191903,VSR001,117,VSR
35.94517833,-106.312636,LHV-10,43,LHV
35.9451925,-106.3130767,LHV-4,43,LHV
35.94549483,-106.315305,LHV-1,43,LHV
35.94552734,-106.3133272,LHV-2,43,LHV
35.94553516,-106.3132142,LHV-3,43,LHV
35.94578698,-106.5181503,VSR010,117,VSR
35.94696721,-106.5174966,VSR012,117,VSR
35.94696721,-106.5174966,VSR013,117,VSR
35.94717609,-106.5180882,VSR014,117,VSR
35.94722084,-106.4477635,USA-1,16,USA
35.94724717,-106.44836,USA-2,16,USA
35.947248,-106.446995,USA-11,16,USA
35.94745767,-106.4483535,USA-5,16,USA
35.94752166,-106.4484715,USA-4,16,USA
35.94752367,-106.4463538,USA-10,16,USA
35.94753167,-106.446326,USA-9,16,USA
35.94755783,-106.4483147,USA-3,16,USA
35.94761033,-106.4465063,USA-6,16,USA
35.9480615,-106.4465465,USA-7,16,USA
35.94826116,-106.4463595,USA-8,16,USA
35.94874801,-106.5565342,VSLD013,118,VSLD
35.95056649,-106.5265571,VSASC101,120,VSA
35.9505855,-106.5264799,VSASC100,120,VSA
35.95093175,-106.5176611,VSR051,117,VSR
35.9510761,-106.5176528,VSR052,117,VSR
35.95268123,-106.5893413,VSASC546,120,VSA
35.95269896,-106.5893638,VSASC548,120,VSA
35.95290123,-106.5159026,VSR053,117,VSR
35.9529534,-106.5561954,VSLD015,118,VSLD
35.95660456,-106.5561895,VSLD019,118,VSLD
35.9572548,-106.588435,VSASC547,120,VSA
35.95730221,-106.5882586,VSASC545,120,VSA
35.95879234,-106.5914596,VSASC529,120,VSA
35.95917351,-106.5912677,VSASC533,120,VSA
35.95952113,-106.5908866,VSASC537,120,VSA
35.95966479,-106.58957,VSASC541,120,VSA
35.96313741,-106.5084248,VSASE166,120,VSA
35.96325667,-106.5082607,VSASE165,120,VSA
35.9634885,-106.8592407,SPC76,86,SPC
35.96352125,-106.5080107,VSASE174,120,VSA
35.9638896,-106.5066759,VSASE370,120,VSA
35.96409567,-106.8480997,SPC34,86,SPC
35.9644607,-106.5042694,VSASE106,120,VSA
35.96446992,-106.508561,VSASE060,120,VSA
35.9646684,-106.5128452,VSASE372,120,VSA
35.9649115,-106.8528903,SPC62,86,SPC
35.9649115,-106.8528903,SPC63,86,SPC
35.9649115,-106.8528903,SPC65,86,SPC
35.96496667,-106.8437558,SPC23,86,SPC
35.96508083,-106.8503752,SPC37,86,SPC
35.9657615,-106.8427855,SPC22,86,SPC
35.96603017,-106.8459623,SPC32,86,SPC
35.96711967,-106.8422822,SPC17,86,SPC
35.9672245,-106.8425638,SPC16,86,SPC
35.96727067,-106.8433665,SPC12,86,SPC
35.967324,-106.8448223,SPC07,86,SPC
35.96732883,-106.843377,SPC15,86,SPC
35.96741967,-106.8449428,SPC09,86,SPC
35.96741967,-106.8449428,SPC31,86,SPC
35.96753483,-106.3078832,MSC-1,42,MSC
35.96775683,-106.8443548,SPC10,86,SPC
35.96785767,-106.8469427,SPC05,86,SPC
35.9683195,-106.8480325,SPC03,86,SPC
35.96865136,-106.5808008,VSASC524,120,VSA
35.96876967,-106.8481273,SPC04,86,SPC
35.9688243,-106.5813588,VSASC507,120,VSA
35.97037755,-106.6116427,VSAW010,120,VSA
35.97045108,-106.6175661,VSAW012,120,VSA
35.97050797,-106.6120002,VSAW008,120,VSA
35.97167617,-106.7443818,BLC-1,9,BLC
35.97188,-106.7430068,BLC-11,9,BLC
35.971945,-106.7437137,BLC-8,9,BLC
35.97202483,-106.7432978,BLC-9,9,BLC
35.972109,-106.7442582,BLC-3,9,BLC
35.97211833,-106.7439172,BLC-7,9,BLC
35.97211917,-106.7451093,BLC-12,9,BLC
35.97211983,-106.7443083,BLC-2,9,BLC
35.97214783,-106.7431728,BLC-10,9,BLC
35.97223967,-106.7449468,BLC-5,9,BLC
35.9722555,-106.7454137,BLC-6,9,BLC
35.97242283,-106.7443675,BLC-4,9,BLC
35.97292765,-106.6083675,VSAW009,120,VSA
35.97352217,-106.8664965,SNS16,85,SNS
35.97355067,-106.8665275,SNS17,85,SNS
35.97507464,-106.5018534,VSANE197,120,VSA
35.97509401,-106.6068144,VSAW015,120,VSA
35.97513907,-106.6068154,VSAW017,120,VSA
35.97514289,-106.5114924,VSANE281,120,VSA
35.97522978,-106.5146106,VSANE408,120,VSA
35.97556177,-106.5317741,VSANC367,120,VSA
35.97561858,-106.5030504,VSANE222,120,VSA
35.97563331,-106.5004333,VSANE400,120,VSA
35.97593475,-106.5015592,VSANE204,120,VSA
35.97593662,-106.4811076,VTW009,116,VTW
35.97602265,-106.5017383,VSANE207,120,VSA
35.97627151,-106.5319653,VSANC604,120,VSA
35.976827,-106.8603822,SNS30,85,SNS
35.97687092,-106.5386646,VSANC345,120,VSA
35.976892,-106.8604005,SNS29,85,SNS
35.97695733,-106.860313,SNS26,85,SNS
35.9770165,-106.3507837,MSC-4,42,MSC
35.97705466,-106.35112,MSC-8,42,MSC
35.977103,-106.350865,MSC-3,42,MSC
35.977118,-106.3508917,MSC-5,42,MSC
35.97711817,-106.350996,MSC-2,42,MSC
35.97714621,-106.5291208,VSANC338,120,VSA
35.97716342,-106.5592992,VSANW608,120,VSA
35.9773745,-106.3510258,MSC-6,42,MSC
35.97755017,-106.3510317,MSC-7,42,MSC
35.97779883,-106.8687905,SNS13,85,SNS
35.97788196,-106.539261,VSANC605,120,VSA
35.97809217,-106.3515618,MSC-9,42,MSC
35.97857997,-106.5619778,VSANW319,120,VSA
35.97948194,-106.5487306,VSANC351,120,VSA
35.97984117,-106.8619843,SNS79,85,SNS
35.97984117,-106.8619843,SNS81,85,SNS
35.97988533,-106.8683975,SNS14,85,SNS
35.980354,-106.8704823,SNS03,85,SNS
35.9814815,-106.8727582,SNS55,85,SNS
35.981587,-106.87348,SNS50,85,SNS
35.98227,-106.863864,SNS78,85,SNS
35.98339535,-106.6048975,VSAW021,120,VSA
35.98373566,-106.5730824,VSANW702,120,VSA
35.98425342,-106.6054473,VSAW016,120,VSA
35.98458242,-106.6057867,VSAW018,120,VSA
35.98459867,-106.6059202,VSAW020,120,VSA
35.986709,-106.641316,TWC141,126,TWC2
35.98671,-106.641267,TWC142,126,TWC2
35.986746,-106.641471,TWC132,126,TWC2
35.98677,-106.641398,TWC10,126,TWC2
35.98677,-106.641252,TWC140,126,TWC2
35.986785,-106.641607,TWC135,126,TWC2
35.986804,-106.641572,TWC134,126,TWC2
35.986823,-106.641907,TWC143,126,TWC2
35.986836,-106.641171,TWC13,126,TWC2
35.986842,-106.64164,TWC101,126,TWC2
35.986842,-106.64164,TWC120,126,TWC2
35.986842,-106.64164,TWC70,126,TWC2
35.986842,-106.64164,TWC71,126,TWC2
35.986842,-106.64164,TWC73,126,TWC2
35.986842,-106.64164,TWC76,126,TWC2
35.986842,-106.64164,TWC83,126,TWC2
35.986842,-106.64164,TWC85,126,TWC2
35.986842,-106.64164,TWC86,126,TWC2
35.986842,-106.64164,TWC87,126,TWC2
35.986842,-106.64164,TWC89,126,TWC2
35.986842,-106.64164,TWC90,126,TWC2
35.986842,-106.64164,TWC91,126,TWC2
35.986842,-106.64164,TWC96,126,TWC2
35.986865,-106.641691,TWC158,126,TWC2
35.986873,-106.641813,TWC148,126,TWC2
35.986877,-106.641579,TWC151,126,TWC2
35.986884,-106.641697,TWC157,126,TWC2
35.986895,-106.641619,TWC153,126,TWC2
35.986905,-106.641509,TWC137,126,TWC2
35.986906,-106.641598,TWC155,126,TWC2
35.986909,-106.641479,TWC130,126,TWC2
35.986914,-106.641834,TWC22,126,TWC2
35.98692,-106.641146,TWC14,126,TWC2
35.986929,-106.641487,TWC139,126,TWC2
35.986933,-106.641685,TWC146,126,TWC2
35.986962,-106.641095,TWC15,126,TWC2
35.986986,-106.641875,TWC144,126,TWC2
35.987,-106.641603,TWC156,126,TWC2
35.988905,-106.639017,TWC1,127,TWC3
35.988945,-106.638955,TWC2,127,TWC3
35.988988,-106.63858,TWC68,127,TWC3
35.988995,-106.638888,TWC3,127,TWC3
35.989089,-106.638338,TWC66,127,TWC3
35.989151,-106.638381,TWC7,127,TWC3
35.989179,-106.639015,TWC61,127,TWC3
35.989286,-106.638489,TWC102,127,TWC3
35.989342,-106.638819,TWC160,127,TWC3
35.989482,-106.638952,TWC60,127,TWC3
35.989624,-106.63841,TWC65,127,TWC3
35.99498016,-106.277613,JPE-11,44,JPE
35.9950853,-106.277713,JPE-10,44,JPE
35.99531716,-106.2773687,JPE-5,44,JPE
35.99531716,-106.2773687,JPE-6,44,JPE
35.99534,-106.2773273,JPE-3,44,JPE
35.995347,-106.2788505,JPE-7,44,JPE
35.99542117,-106.2776207,JPE-2,44,JPE
35.99547916,-106.278743,JPE-9,44,JPE
35.9954813,-106.278746,JPE-8,44,JPE
35.99551333,-106.2779808,JPE-4,44,JPE
35.99563683,-106.2783415,JPE-1,44,JPE
35.996666,-106.86677,SNN1,84,SNN
35.996727,-106.866785,SNN2,84,SNN
35.99702,-106.867384,SNN5,84,SNN
36.00103,-106.846047,SNN15,84,SNN
36.00103,-106.846047,SNN16,84,SNN
36.00203117,-106.8717967,SNN43,84,SNN
36.00221233,-106.871604,SNN42,84,SNN
36.00244917,-106.8528473,SNN20,84,SNN
36.00267217,-106.8528692,SNN19,84,SNN
36.00349567,-106.8652132,SNN80,84,SNN
36.003524,-106.8658112,SNN83,84,SNN
36.0035875,-106.8725387,SNN93,84,SNN
36.00402233,-106.8724747,SNN49,84,SNN
36.00415883,-106.8691212,SNN92,84,SNN
36.00556867,-106.8658458,SNN91,84,SNN
36.00558983,-106.8658313,SNN90,84,SNN
36.00595667,-106.8552908,SNN37,84,SNN
36.00600617,-106.8553625,SNN39,84,SNN
36.00604317,-106.8562207,SNN33,84,SNN
36.00606817,-106.8561243,SNN32,84,SNN
36.00620617,-106.8562633,SNN31,84,SNN
36.0065315,-106.8559312,SNN35,84,SNN
36.006839,-106.859457,SNN11,84,SNN
36.006902,-106.859835,SNN12,84,SNN
36.007033,-106.86013,SNN13,84,SNN
36.007692,-106.860917,SNN14,84,SNN
36.01200666,-106.4827738,MRI-3,19,MRI
36.01200666,-106.4827738,MRI-3,49,MRI
36.01200666,-106.4827738,MRI-3,50,
36.0120835,-106.4826365,MRI-1,19,MRI
36.0120835,-106.4826365,MRI-1,49,MRI
36.0120835,-106.4826365,MRI-1,50,
36.01212417,-106.4827143,MRI-2,49,MRI
36.01212417,-106.4827143,MRI-2,50,
36.01220617,-106.4829107,MRI-4,19,MRI
36.01220617,-106.4829107,MRI-4,49,MRI
36.01220617,-106.4829107,MRI-4,50,
36.01221983,-106.482921,MRI-5,19,MRI
36.01221983,-106.482921,MRI-5,49,MRI
36.01221983,-106.482921,MRI-5,50,
36.01264917,-106.4848183,MRI-10,19,MRI
36.01264917,-106.4848183,MRI-10,49,MRI
36.01264917,-106.4848183,MRI-10,50,
36.0126655,-106.4843935,MRI-7,19,MRI
36.0126655,-106.4843935,MRI-7,49,MRI
36.0126655,-106.4843935,MRI-7,50,
36.01268183,-106.4844388,MRI-8,19,MRI
36.01268183,-106.4844388,MRI-8,49,MRI
36.01268183,-106.4844388,MRI-8,50,
36.01268367,-106.48411,MRI-6,19,MRI
36.01268367,-106.48411,MRI-6,49,MRI
36.01268367,-106.48411,MRI-6,50,
36.01270217,-106.4846482,MRI-9,19,MRI
36.01270217,-106.4846482,MRI-9,49,MRI
36.01270217,-106.4846482,MRI-9,50,
36.01326904,-106.7115807,RPN-7,10,RPN
36.01331664,-106.7114042,RPN-5,10,RPN
36.01339285,-106.7111174,RPN-4,10,RPN
36.01339759,-106.7114171,RPN-6,10,RPN
36.01356377,-106.7105108,RPN-3,10,RPN
36.01364535,-106.7104793,RPN-1,10,RPN
36.01372709,-106.7104367,RPN-2,10,RPN
36.01373546,-106.7111137,RPN-8,10,RPN
36.01387997,-106.7110946,RPN-9,10,RPN
36.01458368,-106.7110544,RPN-10,10,RPN
36.01593815,-106.7115275,RPN-11,10,RPN
36.01755075,-106.3374402,GAM23,104,GAM
36.0179613,-106.3372339,GAM18,104,GAM
36.01808478,-106.3366943,GAM17,104,GAM
36.01830815,-106.3266306,GAM24,104,GAM
36.01831431,-106.3269185,GAM20,104,GAM
36.01837715,-106.3379754,GAM21,104,GAM
36.0185426,-106.3362346,GAM19,104,GAM
36.01858336,-106.3378171,GAM22,104,GAM
36.01945949,-106.3270007,GAM13,104,GAM
36.01948207,-106.3269391,GAM12,104,GAM
36.01958114,-106.3265253,GAM25,104,GAM
36.01973677,-106.3268272,GAM11,104,GAM
36.01995451,-106.3274242,GAM10,104,GAM
36.02058634,-106.3257258,GAM14,104,GAM
36.02140854,-106.325562,GAM16,104,GAM
36.02324915,-106.3246371,GAM09,104,GAM
36.02327799,-106.3220243,GAM15,104,GAM
36.02363072,-106.3206642,GAM08,104,GAM
36.0242585,-106.7713047,APW-11,13,APW
36.02442733,-106.7712792,APW-10,13,APW
36.02454017,-106.7716427,APW-9,13,APW
36.02489216,-106.7732708,APW-8,13,APW
36.02498717,-106.7737342,APW-7,13,APW
36.02530717,-106.7743253,APW-6,13,APW
36.025416,-106.773524,APW-4,13,APW
36.02561567,-106.7740413,APW-5,13,APW
36.02603282,-106.7733962,APW-3,13,APW
36.02604867,-106.773214,APW-1,13,APW
36.02971158,-106.3277231,GAM05,104,GAM
36.03003913,-106.3271357,GAM07,104,GAM
36.03029242,-106.3274561,GAM06,104,GAM
36.03065163,-106.3272563,GAM04,104,GAM
36.0342839,-106.3236099,GAM02,104,GAM
36.03512633,-106.3229125,GAM03,104,GAM
36.03531064,-106.3236666,GAM01,104,GAM
36.03711033,-106.5828687,UCC-7,20,UCC
36.0371215,-106.5828998,UCC-8,20,UCC
36.03712184,-106.5829628,UCC-11,20,UCC
36.037151,-106.5829198,UCC-9,20,UCC
36.03717433,-106.5829332,UCC-10,20,UCC
36.03724517,-106.583287,UCC-12,20,UCC
36.0372875,-106.5826988,UCC-6,20,UCC
36.03735283,-106.5826263,UCC-5,20,UCC
36.0375455,-106.5821033,UCC-3,20,UCC
36.03755533,-106.5822688,UCC-2,20,UCC
36.03765966,-106.5840162,UCC-13,20,UCC
36.0378575,-106.5822665,UCC-1,20,UCC
36.037862,-106.5837895,UCC-15,20,UCC
36.04640363,-106.5081691,CHB04,70,CHB
36.04641942,-106.508347,CHB02,70,CHB
36.0464953,-106.5080487,CHB06,70,CHB
36.04673217,-106.5056999,CHB13,70,CHB
36.04680074,-106.5067003,CHB17,70,CHB
36.0468948,-106.5078232,CHB12,70,CHB
36.04690732,-106.5053924,CHB11,70,CHB
36.04694279,-106.507591,CHB14,70,CHB
36.04723358,-106.5074079,CHB16,70,CHB
36.04725676,-106.5112936,CHB18,70,CHB
36.04727532,-106.5055216,CHB07,70,CHB
36.0475569,-106.5060709,CHB01,70,CHB
36.04791495,-106.5055559,CHB10,70,CHB
36.05201967,-106.6023682,CYC-6,7,CYC
36.05201967,-106.6023682,CYC-6,48,CYC
36.05201967,-106.6023682,CYC-6,50,
36.05227066,-106.6022138,CYC-7,7,CYC
36.05227066,-106.6022138,CYC-7,48,CYC
36.05227066,-106.6022138,CYC-7,50,
36.05337366,-106.6465303,VCW-7,25,VCW
36.0533915,-106.601681,CYC-9,7,CYC
36.0533915,-106.601681,CYC-9,48,CYC
36.0533915,-106.601681,CYC-9,50,
36.053421,-106.6444948,VCW-9,25,VCW
36.053501,-106.6010733,CYC-8,7,CYC
36.053501,-106.6010733,CYC-8,48,CYC
36.053501,-106.6010733,CYC-8,50,
36.05357016,-106.6447132,VCW-8,25,VCW
36.05375683,-106.6023853,CYC-10,7,CYC
36.05375683,-106.6023853,CYC-10,48,CYC
36.05375683,-106.6023853,CYC-10,50,
36.05382133,-106.6442527,VCW-10,25,VCW
36.05382517,-106.6036708,CYC-1,7,CYC
36.05382517,-106.6036708,CYC-1,48,CYC
36.05382517,-106.6036708,CYC-1,50,
36.0538625,-106.646667,VCW-6,25,VCW
36.05416467,-106.6044638,CYC-5,48,CYC
36.054222,-106.6455417,VCW-11,25,VCW
36.05426343,-106.6459793,VCW-1,25,VCW
36.05438583,-106.604084,CYC-4,7,CYC
36.05438583,-106.604084,CYC-4,48,CYC
36.05438583,-106.604084,CYC-4,50,
36.05440617,-106.6458965,VCW-2,25,VCW
36.05455133,-106.604099,CYC-2,7,CYC
36.05455133,-106.604099,CYC-2,48,CYC
36.05455133,-106.604099,CYC-2,50,
36.05491834,-106.6468548,VCW-5,25,VCW
36.0549375,-106.6466232,VCW-3,25,VCW
36.05502317,-106.6467317,VCW-4,25,VCW
36.082235,-106.679872,MPB35,77,MPB
36.083315,-106.68434,MPB13,77,MPB
36.085072,-106.675776,MPB34,77,MPB
36.086545,-106.691314,MPB4,77,MPB
36.086651,-106.691327,MPB2,77,MPB
36.088271,-106.691515,MPB7,77,MPB
36.089415,-106.684115,MPB30,77,MPB
36.090453,-106.692187,MPB8,77,MPB
36.090453,-106.692187,MPB9,77,MPB
36.09087,-106.692334,MPB12,77,MPB
36.092239,-106.681817,MPB33,77,MPB
36.093038,-106.688371,MPB26,77,MPB
36.093242,-106.682564,MPB18,77,MPB
36.094123,-106.686716,MPB24,77,MPB
36.09485296,-106.4775709,SECO 6,83,SECO
36.09485393,-106.4774932,SECO 5,83,SECO
36.094883,-106.68553,MPB22,77,MPB
36.09495542,-106.4765732,SECO 1,83,SECO
36.09509292,-106.47712,SECO 2,83,SECO
36.09512842,-106.4771651,SECO 3,83,SECO
36.09520762,-106.4773221,SECO 7,83,SECO
36.09528298,-106.47779,SECO 13,83,SECO
36.09532479,-106.4773243,SECO 4,83,SECO
36.09547544,-106.4768051,SECO 15,83,SECO
36.0958761,-106.4662046,POL2,80,POL
36.09587678,-106.4661491,POL1,80,POL
36.09601919,-106.477304,SECO 8,83,SECO
36.09609349,-106.4771276,SECO 9,83,SECO
36.09692638,-106.4768433,SECO 14,83,SECO
36.09698182,-106.4767333,SECO 12,83,SECO
36.09701856,-106.4766784,SECO 11,83,SECO
36.09705365,-106.4767568,SECO 10,83,SECO
36.098085,-106.5851325,MLN-9,27,MLN
36.09808683,-106.5850667,MLN-8,27,MLN
36.0982005,-106.5837913,MLN-7,27,MLN
36.09829117,-106.5335582,BQC-9,14,BQC
36.098403,-106.533654,BQC-8,14,BQC
36.0984565,-106.5835508,MLN-6,27,MLN
36.09850017,-106.5335132,BQC-7,14,BQC
36.09861117,-106.5834267,MLN-4,27,MLN
36.09884183,-106.5834237,MLN-5,27,MLN
36.098942,-106.5863342,MLN-10,27,MLN
36.09902816,-106.5852112,MLN-3,27,MLN
36.09913133,-106.535979,BQC-2,14,BQC
36.09916316,-106.5853363,MLN-2,27,MLN
36.09917817,-106.535934,BQC-1,14,BQC
36.09919733,-106.5861288,MLN-11,27,MLN
36.09925983,-106.5354473,BQC-3,14,BQC
36.09969666,-106.5868397,MLN-1,27,MLN
36.1001165,-106.535105,BQC-6,14,BQC
36.10019783,-106.5356432,BQC-4,14,BQC
36.100414,-106.5353215,BQC-5,14,BQC
36.10877633,-106.6337782,CYB-10,8,CYB
36.10877633,-106.6337782,CYB-10,50,
36.10890917,-106.6346577,CYB-5,8,CYB
36.10890917,-106.6346577,CYB-5,50,
36.10914532,-106.6324567,CYB-9,8,CYB
36.10914532,-106.6324567,CYB-9,50,
36.10917133,-106.632531,CYB-7,8,CYB
36.10917133,-106.632531,CYB-7,50,
36.10917449,-106.6325282,CYB-8,8,CYB
36.10917449,-106.6325282,CYB-8,50,
36.10943533,-106.634111,CYB-6,8,CYB
36.10943533,-106.634111,CYB-6,50,
36.1098435,-106.6349327,CYB-3,8,CYB
36.1098435,-106.6349327,CYB-3,50,
36.11002482,-106.6327527,CYB-11,8,CYB
36.11002482,-106.6327527,CYB-11,50,
36.11014067,-106.6354788,CYB-4,8,CYB
36.11014067,-106.6354788,CYB-4,50,
36.1105165,-106.6336732,CYB-1,8,CYB
36.1105165,-106.6336732,CYB-1,50,
36.11074633,-106.6336698,CYB-2,8,CYB
36.11074633,-106.6336698,CYB-2,50,
36.1317245,-106.572349,MSP-6,26,MSP
36.1317245,-106.572349,MSP-6,50,
36.13189167,-106.5716585,MSP-10,26,MSP
36.13189167,-106.5716585,MSP-10,50,
36.13199916,-106.5718375,MSP-9,26,MSP
36.132032,-106.5744187,MSP-8,26,MSP
36.132032,-106.5744187,MSP-8,50,
36.1321255,-106.5747397,MSP-5,26,MSP
36.1321255,-106.5747397,MSP-5,50,
36.13214434,-106.5741325,MSP-7,26,MSP
36.13214434,-106.5741325,MSP-7,50,
36.1322445,-106.5726683,MSP-1,26,MSP
36.1322445,-106.5726683,MSP-1,50,
36.13248417,-106.574774,MSP-4,26,MSP
36.13248417,-106.574774,MSP-4,50,
36.1325075,-106.5746855,MSP-3,26,MSP
36.1325075,-106.5746855,MSP-3,50,
36.13259,-106.5731822,MSP-2,26,MSP
36.13259,-106.5731822,MSP-2,50,
36.1566067,-106.5071197,CPE12,72,CPE
36.15696156,-106.5068597,CPE10,72,CPE
36.15702888,-106.5074283,CPE11,72,CPE
36.15724145,-106.5073023,CPE09,72,CPE
36.15731995,-106.5066534,CPE07,72,CPE
36.15741295,-106.5075242,CPE08,72,CPE
36.15752657,-106.5070928,CPE06,72,CPE
36.15767001,-106.5064397,CPE04,72,CPE
36.15776822,-106.5073558,CPE05,72,CPE
36.15788024,-106.5068376,CPE03,72,CPE
36.15798411,-106.5072683,CPE02,72,CPE
36.15854118,-106.4959179,CPE27,72,CPE
36.15857486,-106.4963143,CPE01,72,CPE
36.15857846,-106.4975585,CPE28,72,CPE
36.15859856,-106.4970974,CPE25,72,CPE
36.15860514,-106.4967051,CPE26,72,CPE
36.15894297,-106.4976709,CPE21,72,CPE
36.15898697,-106.4971026,CPE22,72,CPE
36.1589932,-106.4965379,CPE23,72,CPE
36.15899997,-106.4960622,CPE24,72,CPE
36.15926169,-106.4976282,CPE17,72,CPE
36.15926495,-106.4971545,CPE18,72,CPE
36.15964948,-106.4975488,CPE13,72,CPE
36.1596525,-106.4971619,CPE14,72,CPE
36.15966032,-106.4966818,CPE15,72,CPE
36.15966389,-106.4962505,CPE16,72,CPE
36.25019853,-106.6208086,MEPS 2,76,MEPS
36.25046228,-106.620636,MEPS 1,76,MEPS
36.25105607,-106.6200584,MEPS 3,76,MEPS
36.25200371,-106.6199778,MEPS 5,76,MEPS
36.25207836,-106.6197901,MEPS 6,76,MEPS
36.25221461,-106.619715,MEPS 8,76,MEPS
36.25228942,-106.6195162,MEPS 4,76,MEPS
36.25313514,-106.6176416,CDPH1,69,CDPH
36.25319798,-106.6196574,MEPS 7,76,MEPS
36.25326761,-106.6178447,CDPH2,69,CDPH
36.25347428,-106.6178935,CDPH3,69,CDPH
36.25358813,-106.6181407,CDPH5,69,CDPH
36.25365318,-106.6179973,CDPH4,69,CDPH
36.25375459,-106.6171647,CDPH8,69,CDPH
36.2541128,-106.6180068,CDPH7,69,CDPH
36.25425245,-106.6190114,CDPH6,69,CDPH
36.30284677,-106.9742802,LJA03,75,LJA
36.30329895,-106.9736882,LJA04,75,LJA
36.30330702,-106.9792235,LJA06,75,LJA
36.30339676,-106.9745633,LJA05,75,LJA
36.30359394,-106.9775184,LJA08,75,LJA
36.30374595,-106.9764245,LJA01,75,LJA
36.30405959,-106.9772688,LJA07,75,LJA
36.30644172,-106.9586728,CON08,71,CON
36.3066635,-106.9581197,CON07,71,CON
36.30700054,-106.9586756,CON06,71,CON
36.30768157,-106.9594722,CON04,71,CON
36.30770886,-106.9601073,CON05,71,CON
36.30782786,-106.957694,CON02,71,CON
36.30818313,-106.9584581,CON01,71,CON
36.33778095,-106.9436805,LGU12,106,LGU
36.33885325,-106.9466453,LGU10,106,LGU
36.33906594,-106.9455872,LGU13,106,LGU
36.33981261,-106.9456093,LGU02,106,LGU
36.34063167,-106.9455352,LGU01,106,LGU
36.34140112,-106.9467787,LGU03,106,LGU
36.34196944,-106.9487167,LGU06,106,LGU
36.3420229,-106.9464794,LGU04,106,LGU
36.34261458,-106.9468157,LGU05,106,LGU
36.3434343,-106.9510412,LGU11,106,LGU
