Easting,Northing,TreeID,SiteID,Abbreviation
351772,3952445,BOL013,66,BOL
351779,3952456,BOL011,66,BOL
351764,3952461,BOL017,66,BOL
351846,3952487,BOL024,66,BOL
351811,3952493,BOL010,66,BOL
351875,3952510,BOL027,66,BOL
351879,3952534,BOL030,66,BOL
351881,3952535,BOL031,66,BOL
351914,3952545,BOL036,66,BOL
351914,3952581,BOL041,66,BOL
351916,3952592,BOL043,66,BOL
351924,3952599,BOL046,66,BOL
351947,3952618,BOL047,66,BOL
352056,3952635,BOL056,66,BOL
352054,3952638,BOL055,66,BOL
351991,3952639,BOL050,66,BOL
351988,3952641,BOL049,66,BOL
352055,3952647,BOL054,66,BOL
352069,3952684,BOL062,66,BOL
352057,3952714,BOL060,66,BOL
352007,3952716,BOL063,66,BOL
357230.52,3953138.276,PAL-7,1,PAL
357273.846,3953143.885,PAL-8,1,PAL
357313.441,3953161.685,PAL-9,1,PAL
357320.094,3953180.957,PAL-10,1,PAL
357365.201,3953181.452,PAL-3,1,PAL
357361.023,3953181.649,PAL-2,1,PAL
357374.614,3953223.26,PAL-1,1,PAL
357289.1,3953328.892,PAL-5,1,PAL
357277.03,3953333.45,PAL-4,1,PAL
357190.8,3953360.688,PAL-11,1,PAL
357191.883,3953363.334,PAL-12,1,PAL
374560.1353,3954348.428,BAL05,95,BAL
374472.1354,3954380.428,BAL01,95,BAL
374511.1352,3954389.428,BAL03,95,BAL
374383.1353,3954440.428,BAL02,95,BAL
374399.1352,3954452.428,BAL08,95,BAL
374432.135,3954466.428,BAL07,95,BAL
374433.135,3954467.428,BAL09,95,BAL
337690.0605,3954512.587,PGM35,78,PGM
337518.108,3954516.178,PGM39,78,PGM
374327.1349,3954526.427,BAL04,95,BAL
337902.8348,3954529.448,PGM32,78,PGM
374392.1347,3954530.427,BAL11,95,BAL
374378.1347,3954538.427,BAL13,95,BAL
337905.124,3954540.835,PGM31,78,PGM
374342.1347,3954551.427,BAL06,95,BAL
374318.1348,3954556.427,BAL10,95,BAL
337373.6893,3954560.657,PGM26,78,PGM
374294.1344,3954627.427,BAL15,95,BAL
374295.1344,3954628.427,BAL17,95,BAL
374312.1343,3954636.427,BAL19,95,BAL
374284.543,3954676.256,BAL14,95,BAL
374077.1341,3954791.425,BAL20,95,BAL
337629.7011,3954818.954,PGM1,78,PGM
374079.1339,3954821.425,BAL18,95,BAL
374064.1339,3954828.425,BAL21,95,BAL
337608.8381,3954840.863,PGM6,78,PGM
337604.8071,3954848.038,PGM9,78,PGM
373965.1335,3954930.425,BAL22,95,BAL
373954.1335,3954938.425,BAL24,95,BAL
373955.1335,3954939.425,BAL26,95,BAL
373952.1332,3954990.424,BAL23,95,BAL
373965.1332,3954995.424,BAL25,95,BAL
373964.133,3955019.424,BAL27,95,BAL
373879.1328,3955095.424,BAL28,95,BAL
337210.6619,3955109.813,PGM12,78,PGM
373858.86,3955156.423,BAL31,95,BAL
373812.222,3955180.909,BAL30,95,BAL
373158.1331,3955371.422,BAL34,95,BAL
373159.1331,3955372.422,BAL35,95,BAL
373205.1329,3955388.422,BAL33,95,BAL
373213.1328,3955401.422,BAL32,95,BAL
351557.1933,3955830.418,SAYS 5,82,SAYS
351695.1921,3955999.417,SAYS 6,82,SAYS
351647.1919,3956088.417,SAYS 7,82,SAYS
351785.1911,3956167.417,SAYS 10,82,SAYS
351701.191,3956249.417,SAYS 9,82,SAYS
352202.1872,3956732.416,SAYS 1,82,SAYS
352143.1874,3956735.416,SAYS 2,82,SAYS
352358.1866,3956752.416,SAYS 3,82,SAYS
352363.1866,3956757.416,SAYS 4,82,SAYS
358846.4668,3956900.796,MPC-1,39,MPC
358820.8648,3956903.33,MPC-2,39,MPC
363106.5566,3956939.914,BST-4,41,BST
363100.5248,3956943.687,BST-3,41,BST
362995.1586,3956952.711,BST-9,41,BST
363061.5242,3956954.219,BST-6,41,BST
363076.9945,3956954.479,BST-5,41,BST
358758.9565,3956955.65,MPC-3,39,MPC
362994.0628,3956958.867,BST-8,41,BST
363103.6131,3956966.014,BST-2,41,BST
363106.3982,3956968.707,BST-1,41,BST
363025.0098,3956976.381,BST-7,41,BST
358674.6326,3957063.747,MPC-5,39,MPC
358713.316,3957066.7,MPC-4,39,MPC
358708.7474,3957067.586,MPC-11,39,MPC
358676.548,3957079.879,MPC-6,39,MPC
358662.9002,3957121.148,MPC-7,39,MPC
358694.9346,3957121.211,MPC-9,39,MPC
358694.4416,3957122.439,MPC-8,39,MPC
358703.4678,3957140.195,MPC-10,39,MPC
353140.8301,3957512.223,SJC-2,24,SJC
353246.9633,3957569.215,SJC-3,24,SJC
353404.6862,3957577.405,SJC-7,24,SJC
353107.3697,3957582.568,SJC-1,24,SJC
353470.854,3957640.182,SJC-4,24,SJC
353515.8089,3957714.816,SJC-5,24,SJC
353545.5205,3957735.832,SJC-6,24,SJC
385045.1007,3958338.425,FRM28,74,FRM
385032.1007,3958341.425,FRM30,74,FRM
385098.1009,3958397.425,FRM22,74,FRM
385089.1011,3958426.426,FRM26,74,FRM
385023.6017,3958490.926,FRM24,74,FRM
384958.1022,3958555.426,FRM23,74,FRM
385101.1028,3958701.427,FRM20,74,FRM
385003.1041,3958893.429,FRM21,74,FRM
385009.1044,3958935.429,FRM17,74,FRM
385050.1046,3958989.429,FRM19,74,FRM
385075.1055,3959144.43,FRM16,74,FRM
384979.1061,3959207.431,FRM10,74,FRM
385110.1059,3959218.431,FRM05,74,FRM
385139.1059,3959218.431,FRM07,74,FRM
385281.1058,3959243.431,FRM15,74,FRM
385058.1062,3959249.431,FRM12,74,FRM
385179.106,3959252.431,FRM11,74,FRM
385011.1065,3959282.431,FRM08,74,FRM
384999.1066,3959291.431,FRM06,74,FRM
385193.1063,3959294.431,FRM09,74,FRM
385020.1066,3959300.431,FRM01,74,FRM
385100.1065,3959303.431,FRM14,74,FRM
384971.1067,3959306.431,FRM03,74,FRM
384994.1067,3959314.431,FRM02,74,FRM
384977.107,3959354.431,FRM04,74,FRM
363938.1318,3959403.872,PER-3,40,PER
385157.1071,3959416.432,FRM13,74,FRM
363847.8261,3959427.042,PER-4,40,PER
363842.8396,3959428.136,PER-5,40,PER
363737.5646,3959477.426,PER-7,40,PER
363721.2589,3959491.139,PER-8,40,PER
363679.4811,3959492.854,PER-9,40,PER
363762.2478,3959494.964,PER-2,40,PER
363764.5584,3959513.901,PER-1,40,PER
378322.1184,3959603.428,CPM13,101,CPM
378341.1184,3959617.428,CPM12,101,CPM
378368.1184,3959643.428,CPM10,101,CPM
378343.1185,3959653.428,CPM14,101,CPM
378372.1185,3959674.429,CPM09,101,CPM
384496.1099,3959729.433,FWH09,103,FWH
384410.1104,3959786.434,FWH08,103,FWH
384612.1101,3959787.434,FWH10,103,FWH
384600.1104,3959839.434,FWH11,103,FWH
384591.1106,3959873.434,FWH12,103,FWH
384408.1109,3959880.434,FWH05,103,FWH
377361.1209,3959954.429,CPM16,101,CPM
384351.1114,3959956.435,FWH04,103,FWH
384893.1107,3959956.435,FWH20,103,FWH
384563.1113,3959978.435,FWH14,103,FWH
376871.1216,3959981.429,CPM17,101,CPM
377401.121,3960002.43,CPM15,101,CPM
384549.1115,3960010.435,FWH15,103,FWH
377630.1207,3960030.43,CPM07,101,CPM
384428,3960045,FWH6115,0,FWH
384409,3960062,FWH6311,0,FWH
384475,3960062,FWH6059,0,FWH
377406.1211,3960064.43,CPM06,101,CPM
377385.1212,3960068.43,CPM05,101,CPM
384431,3960084,FWH3249,0,FWH
384500,3960088,FWH5051,0,FWH
377438.1212,3960091.43,CPM04,101,CPM
384512,3960095,FWH5044,0,FWH
377402.1212,3960095.43,CPM01,101,CPM
377416.1212,3960095.43,CPM02,101,CPM
384512,3960099,FWH4744,0,FWH
384466,3960102,FWH5227,0,FWH
384499,3960106,FWH4824,0,FWH
384449,3960107,FWH3405,0,FWH
384495,3960107,FWH4825,0,FWH
377421.1213,3960108.43,CPM03,101,CPM
384392.1123,3960114.436,FWH03,103,FWH
384535,3960115,FWH4499,0,FWH
384499,3960117,FWH4841,0,FWH
384499,3960117,FWH4899,0,FWH
384553,3960118,FWH5754,0,FWH
384514,3960119,FWH4702,0,FWH
384514,3960132,FWH4543,0,FWH
384559,3960132,FWH4309,0,FWH
384471,3960137,FWH3572,0,FWH
384775.112,3960140.436,FWH19,103,FWH
384710.1121,3960146.436,FWH17,103,FWH
384490,3960150,FWH3651,0,FWH
384557,3960155,FWH4007,0,FWH
384549,3960156,FWH4037,0,FWH
384520,3960162,FWH3881,0,FWH
384514,3960164,FWH3847,0,FWH
384496,3960170,FWH3808,0,FWH
384521,3960170,FWH3912,0,FWH
384537,3960170,FWH3965,0,FWH
384520,3960175,FWH3917,0,FWH
384508,3960176,FWH3833,0,FWH
384718.1123,3960179.436,FWH18,103,FWH
384544,3960180,FWH4112,0,FWH
384620.1125,3960199.437,FWH16,103,FWH
384464.1129,3960227.437,FWH02,103,FWH
384495.1132,3960294.437,FWH01,103,FWH
337027.5263,3960790.992,JCE-9,22,JCE
337049.7172,3960801.181,JCE-6,22,JCE
337030.5529,3960806.283,JCE-8,22,JCE
337006.9477,3960829.913,JCE-10,22,JCE
336969.0902,3960874.941,JCE-1,22,JCE
336961.0459,3960956.302,JCE-2,22,JCE
337071.3286,3960972.355,JCE-4,22,JCE
336988.1966,3960987.737,JCE-5,22,JCE
336956.7604,3960997.283,JCE-3,22,JCE
385000.1191,3961364.444,BAN14,96,BAN
384810.1196,3961424.444,BAN13,96,BAN
383940.1207,3961514.444,BAN19,96,BAN
372363.1296,3961589.433,CPU05,102,CPU
372353.1296,3961611.433,CPU01,102,CPU
372331.7502,3961616.621,CPU02,102,CPU
372374.2031,3961622.158,CPU07,102,CPU
372350.1296,3961627.433,CPU03,102,CPU
372368.1297,3961716.434,CPU08,102,CPU
384680.1216,3961754.446,BAN15,96,BAN
372219.1299,3961874.435,CPU09,102,CPU
372201.13,3961883.435,CPU10,102,CPU
384590.1237,3962094.448,BAN05,96,BAN
383880.1241,3962104.448,BAN16,96,BAN
384570.1239,3962134.449,BAN06,96,BAN
383730.1246,3962184.448,BAN17,96,BAN
340469,3962270,TOV058,87,TOV
340543,3962337,TOV052,87,TOV
384230.1253,3962344.45,BAN69,96,BAN
340435,3962542,TOV027,87,TOV
340448,3962550,TOV026,87,TOV
340468,3962555,TOV023,87,TOV
340430,3962577,TOV030,87,TOV
340673,3962583,TOV005,87,TOV
352588,3962602,MCN331,133,gp101
352588,3962602,MCN332,133,gp101
352588,3962602,MCN334,133,gp101
352588,3962602,MCN335,133,gp101
340679,3962613,TOV002,87,TOV
352983,3962633,MCN956,136,gp103
352983,3962633,MCN957,136,gp103
353598,3962645,MCN1609,138,gp106
353598,3962645,MCN1610,138,gp106
353598,3962645,MCN1611,138,gp106
353598,3962645,MCN961,138,gp106
353598,3962645,MCN998,138,gp106
360602.5993,3962649.88,LOG13,107,LOG
352799,3962653,MCN1616,135,gp102
352799,3962653,MCN1617,135,gp102
352799,3962653,MCN1618,135,gp102
360648.0702,3962653.378,LOG05,107,LOG
360718.0256,3962655.127,LOG10,107,LOG
340740,3962656,TOV022,87,TOV
353800,3962657,MCN337,139,gp107
353800,3962657,MCN338,139,gp107
353800,3962657,MCN339,139,gp107
353392,3962664,MCN340,137,gp105
353392,3962664,MCN341,137,gp105
360737.2633,3962680.486,LOG11,107,LOG
340483,3962690,TOV019,87,TOV
360713.6532,3962704.971,LOG07,107,LOG
360775.7387,3962705.845,LOG12,107,LOG
360824.7073,3962705.845,LOG22,107,LOG
360855.3128,3962705.845,LOG26,107,LOG
360645.4468,3962706.719,LOG02,107,LOG
340576,3962720,TOV011,87,TOV
340567,3962728,TOV015,87,TOV
360686.5455,3962733.827,LOG03,107,LOG
360746.882,3962734.702,LOG08,107,LOG
360862.3083,3962735.576,LOG27,107,LOG
360832.5773,3962736.451,LOG23,107,LOG
353975.9587,3962741.635,MCN09,108,MCN
353990.7849,3962786.114,MCN10,108,MCN
352405,3962848,MCN248,140,gp109
352405,3962848,MCN249,140,gp109
353007,3962849,MCN1620,142,gp112
353007,3962849,MCN1621,142,gp112
353007,3962849,MCN1622,142,gp112
353007,3962849,MCN1623,142,gp112
353007,3962849,MCN1624,142,gp112
353007,3962849,MCN1625,142,gp112
353007,3962849,MCN1626,142,gp112
353007,3962849,MCN1627,142,gp112
353007,3962849,MCN1628,142,gp112
353789,3962850,MCN1612,145,gp116
353789,3962850,MCN1613,145,gp116
353789,3962850,MCN958,145,gp116
353789,3962850,MCN959,145,gp116
353789,3962850,MCN960,145,gp116
353601,3962853,MCN224,144,gp115
353601,3962853,MCN225,144,gp115
353601,3962853,MCN459,144,gp115
353601,3962853,MCN461,144,gp115
353999,3962853,MCN221,146,gp117
353999,3962853,MCN222,146,gp117
353999,3962853,MCN223,146,gp117
352800,3962859,MCN233,141,gp111
352800,3962859,MCN234,141,gp111
352800,3962859,MCN235,141,gp111
352800,3962859,MCN236,141,gp111
352800,3962859,MCN237,141,gp111
353194,3962859,MCN0229,143,gp113
353194,3962859,MCN226,143,gp113
353194,3962859,MCN227,143,gp113
353194,3962859,MCN228,143,gp113
353194,3962859,MCN230,143,gp113
353194,3962859,MCN231,143,gp113
353971.0168,3962899.782,MCN08,108,MCN
353887.0021,3962914.608,MCN16,108,MCN
359877.7803,3962930.337,LGR41,125,LGR2
359803.4155,3962931.847,LGR11,124,LGR1
359803.4155,3962931.847,LGR2,124,LGR1
359735.2996,3962951.234,LGR17,124,LGR1
359770.6743,3962953.336,LGR13,124,LGR1
353882.0601,3962954.145,MCN17,108,MCN
359886.2144,3962954.945,LGR40,124,LGR1
359735.5342,3962960.328,LGR16,124,LGR1
353985.8429,3962964.029,MCN07,108,MCN
359904.6696,3962974.919,LGR49,125,LGR2
359873.1138,3962978.12,LGR45,125,LGR2
343354.2124,3962978.656,HME-8,21,HME
343445.3438,3962981.796,HME-10,21,HME
359870.7811,3962984.925,LGR44,125,LGR2
343606.7137,3962985.766,HME-12,21,HME
359868.952,3962989.281,LGR43,125,LGR2
359860.6737,3962991.631,LGR55,125,LGR2
359896.143,3962999.723,LGR54,125,LGR2
359893.0706,3962999.772,LGR53,125,LGR2
343306.0182,3963019.659,HME-7,21,HME
353797,3963034,MCN309,151,gp125
353797,3963034,MCN336,151,gp125
343626.1717,3963034.782,HME-11,21,HME
359879.164,3963034.831,LGR52,125,LGR2
359865.2367,3963040.045,LGR48,125,LGR2
343454.5076,3963047.563,HME-9,21,HME
352599,3963054,MCN1619,147,gp119
352599,3963054,MCN301,147,gp119
353011,3963054,MCN302,148,gp121
353011,3963054,MCN303,148,gp121
353011,3963054,MCN304,148,gp121
353011,3963054,MCN305,148,gp121
353392,3963054,MCN306,150,gp123
353392,3963054,MCN307,150,gp123
353392,3963054,MCN308,150,gp123
353197,3963056,MCN1629,149,gp122
353197,3963056,MCN1630,149,gp122
353197,3963056,MCN954,149,gp122
353197,3963056,MCN955,149,gp122
359855.2929,3963068.495,LGR46,125,LGR2
343351.9974,3963071.403,HME-1,21,HME
343639.6722,3963073.213,HME-13,21,HME
343323.9958,3963110.052,HME-2,21,HME
343299.3823,3963142.629,HME-4,21,HME
343304.8178,3963146.694,HME-5,21,HME
343318.1117,3963149.566,HME-3,21,HME
355520.7,3963173,SDP-1,60,SDP
355520.7,3963173,SDP-2,60,SDP
343359.3084,3963184.806,HME-6,21,HME
364238.0868,3963213.915,PNE-1,15,PNE
364218.2303,3963226.498,PNE-4,15,PNE
364237.8487,3963226.863,PNE-2,15,PNE
364212.3498,3963235.945,PNE-5,15,PNE
364223.0671,3963237.39,PNE-6,15,PNE
364238.6781,3963240.663,PNE-3,15,PNE
364211.323,3963246.575,PNE-7,15,PNE
364227.9292,3963249.926,PNE-8,15,PNE
353195,3963250,MCN238,155,gp131
353195,3963250,MCN239,155,gp131
353195,3963250,MCN240,155,gp131
353195,3963250,MCN241,155,gp131
353195,3963250,MCN242,155,gp131
352801,3963253,MCN385,153,gp129
352801,3963253,MCN390,153,gp129
352801,3963253,MCN391,153,gp129
353995,3963253,MCN215,158,gp135
353995,3963253,MCN216,158,gp135
353995,3963253,MCN217,158,gp135
353995,3963253,MCN218,158,gp135
353995,3963253,MCN219,158,gp135
353995,3963253,MCN220,158,gp135
353399,3963254,MCN949,156,gp132
353399,3963254,MCN950,156,gp132
353399,3963254,MCN951,156,gp132
353399,3963254,MCN952,156,gp132
353399,3963254,MCN953,156,gp132
353399,3963254,MCN999,156,gp132
364232.3477,3963254.167,PNE-9,15,PNE
353600,3963255,MCN460,157,gp133
353600,3963255,MCN462,157,gp133
364266.6176,3963256.156,PNE-10,15,PNE
353000,3963257,MCN464,154,gp130
353000,3963257,MCN466,154,gp130
353000,3963257,MCN467,154,gp130
352398,3963263,MCN269,152,gp127
352398,3963263,MCN270,152,gp127
364251.0013,3963319.285,PNE-11,15,PNE
353546.0015,3963374.222,MCN06,108,MCN
353799,3963446,MCN323,164,gp143
353799,3963446,MCN324,164,gp143
353799,3963446,MCN325,164,gp143
353399,3963449,MCN326,162,gp141
353399,3963449,MCN327,162,gp141
353399,3963449,MCN328,162,gp141
353399,3963449,MCN329,162,gp141
352797,3963452,MCN1631,160,gp138
352797,3963452,MCN1632,160,gp138
352797,3963452,MCN1633,160,gp138
352797,3963452,MCN1638,160,gp138
352797,3963452,MCN1645,160,gp138
352797,3963452,MCN1646,160,gp138
352797,3963452,MCN1647,160,gp138
352797,3963452,MCN1649,160,gp138
352797,3963452,MCN1650,160,gp138
353599,3963453,MCN943,163,gp142
353599,3963453,MCN944,163,gp142
353599,3963453,MCN946,163,gp142
353599,3963453,MCN947,163,gp142
353599,3963453,MCN948,163,gp142
353996,3963453,MCN210,165,gp144
353996,3963453,MCN211,165,gp144
353996,3963453,MCN212,165,gp144
353996,3963453,MCN213,165,gp144
353996,3963453,MCN214,165,gp144
353199,3963454,MCN124,161,gp140
352595,3963459,MCN310,159,gp137
352595,3963459,MCN311,159,gp137
352595,3963459,MCN312,159,gp137
352595,3963459,MCN313,159,gp137
353758.5092,3963532.368,MCN30,108,MCN
353728.857,3963566.963,MCN28,108,MCN
353659.6685,3963606.499,MCN29,108,MCN
352807,3963647,MCN251,168,gp147
352807,3963647,MCN252,168,gp147
353000,3963647,MCN1639,169,gp148
353000,3963647,MCN1640,169,gp148
353000,3963647,MCN1641,169,gp148
353000,3963647,MCN1642,169,gp148
353000,3963647,MCN1643,169,gp148
353000,3963647,MCN1644,169,gp148
353000,3963647,MCN1648,169,gp148
353194,3963647,MCN259,170,gp149
353194,3963647,MCN275,170,gp149
353998,3963649,MCN207,182,gp180
353998,3963649,MCN208,182,gp180
353998,3963649,MCN209,182,gp180
352598,3963652,MCN131,167,gp146
352598,3963652,MCN2060,167,gp146
352598,3963652,MCN2062,167,gp146
352598,3963652,MCN2128,167,gp146
352598,3963652,MCN790,167,gp146
352598,3963652,MCN796,167,gp146
352598,3963652,MCN797,167,gp146
353606,3963653,MCN243,171,gp151
353606,3963653,MCN246,171,gp151
353606,3963653,MCN247,171,gp151
353506.4653,3963655.92,MCN03,108,MCN
352393,3963658,MCN258,166,gp145
352393,3963658,MCN261,166,gp145
352393,3963658,MCN262,166,gp145
353546.0016,3963710.283,MCN02,108,MCN
353620.1322,3963725.109,MCN04,108,MCN
353536.1176,3963744.877,MCN01,108,MCN
353654.7265,3963774.53,MCN05,108,MCN
352395,3963841,MCN1000,172,gp153
352395,3963841,MCN1652,172,gp153
352395,3963841,MCN2100,172,gp153
352395,3963841,MCN789,172,gp153
352395,3963841,MCN793,172,gp153
352395,3963841,MCN794,172,gp153
352395,3963841,MCN795,172,gp153
352395,3963841,MCN800,172,gp153
353427.3928,3963848.661,MCN14,108,MCN
353814,3963849,MCN319,177,gp160
353814,3963849,MCN320,177,gp160
353814,3963849,MCN321,177,gp160
353814,3963849,MCN322,177,gp160
352989,3963851,MCN123,174,gp156
352989,3963851,MCN314,174,gp156
352989,3963851,MCN315,174,gp156
352599,3963852,MCN263,173,gp154
352599,3963852,MCN264,173,gp154
352599,3963852,MCN267,173,gp154
353199,3963853,MCN1634,175,gp157
353199,3963853,MCN1635,175,gp157
353396,3963853,MCN316,176,gp158
353396,3963853,MCN318,176,gp158
353481.7552,3963878.314,MCN12,108,MCN
353471.8711,3963927.734,MCN15,108,MCN
353491.6392,3963927.734,MCN13,108,MCN
353546.0017,3963967.271,MCN11,108,MCN
354000,3964050,MCN201,181,gp170
354000,3964050,MCN202,181,gp170
354000,3964050,MCN203,181,gp170
354000,3964050,MCN204,181,gp170
354000,3964050,MCN205,181,gp170
354000,3964050,MCN206,181,gp170
352800,3964055,MCN272,179,gp164
352800,3964055,MCN273,179,gp164
352800,3964055,MCN274,179,gp164
353198,3964061,MCN253,180,gp166
353198,3964061,MCN254,180,gp166
353198,3964061,MCN255,180,gp166
353198,3964061,MCN256,180,gp166
353198,3964061,MCN257,180,gp166
352392,3964065,MCN0250,178,gp162
352392,3964065,MCN0260,178,gp162
352392,3964065,MCN0268,178,gp162
352392,3964065,MCN271,178,gp162
352878.8266,3964066.113,MCN18,108,MCN
373770.1324,3964094.447,BAN38,96,BAN
352448.8693,3964105.65,MCN19,108,MCN
352453.8113,3964164.955,MCN20,108,MCN
373900.1326,3964184.447,BAN39,96,BAN
352256.1299,3964194.607,MCN23,108,MCN
352112.8108,3964214.375,MCN27,108,MCN
352157.2891,3964263.796,MCN24,108,MCN
352211.6515,3964273.68,MCN22,108,MCN
353106.1605,3964303.333,MCN21,108,MCN
373720.1327,3964304.448,BAN40,96,BAN
352162.2312,3964332.985,MCN26,108,MCN
352112.8108,3964342.87,MCN25,108,MCN
376440.134,3964444.452,BAN45,96,BAN
378240.1348,3964474.455,BAN26,96,BAN
375870.134,3964534.452,BAN42,96,BAN
379370.1355,3964534.457,BAN95,96,BAN
379470.1356,3964534.457,BAN96,96,BAN
375920.134,3964544.452,BAN43,96,BAN
379430.1356,3964564.457,BAN94,96,BAN
379940.136,3964584.458,BAN93,96,BAN
380010.1361,3964614.458,BAN91,96,BAN
372830.1328,3964624.448,BAN36,96,BAN
379940.1362,3964654.458,BAN97,96,BAN
380000.1363,3964664.458,BAN92,96,BAN
372790.1329,3964744.449,BAN37,96,BAN
378940.1361,3964744.457,BAN98,96,BAN
374400.1337,3964754.451,BAN46,96,BAN
372870.133,3964774.449,BAN34,96,BAN
347578.194,3964783.758,TWS-8,2,TWS
347578.194,3964783.758,TWS-8,50,
378070.1358,3964814.456,BAN99,96,BAN
372820.1331,3964824.449,BAN33,96,BAN
376240.135,3964864.454,BAN22,96,BAN
372820.1331,3964874.449,BAN32,96,BAN
376310.135,3964884.454,BAN23,96,BAN
347898,3964925,TWS-12,2,TWS
347898,3964925,TWS-12,50,
347925,3964927,TWS-13,2,TWS
347925,3964927,TWS-13,50,
347891.36,3964971.99,TWS-7,2,TWS
347891.36,3964971.99,TWS-7,50,
347901.627,3964984.629,TWS-1,2,TWS
347901.627,3964984.629,TWS-1,50,
347933,3964994,TWS-11,2,TWS
347933,3964994,TWS-11,50,
347906,3964999,TWS-10,2,TWS
347906,3964999,TWS-10,50,
347876.913,3965003.196,TWS-3,2,TWS
347876.913,3965003.196,TWS-3,50,
376290.1354,3965014.455,BAN21,96,BAN
347883.071,3965019.179,TWS-2,2,TWS
347883.071,3965019.179,TWS-2,50,
375070.1347,3965044.453,BAN50,96,BAN
347836.5,3965046.943,TWS-4,2,TWS
347836.5,3965046.943,TWS-4,50,
347851.822,3965074.439,TWS-5,2,TWS
347851.822,3965074.439,TWS-5,50,
347827.842,3965097.339,TWS-6,2,TWS
347827.842,3965097.339,TWS-6,50,
375140.1349,3965104.454,BAN51,96,BAN
373820.1341,3965144.452,BAN11,96,BAN
373730.134,3965154.452,BAN71,96,BAN
373800.1341,3965164.452,BAN47,96,BAN
373770.1341,3965174.452,BAN48,96,BAN
375030.1349,3965184.454,BAN67,96,BAN
375130.1353,3965304.455,BAN68,96,BAN
374630.135,3965364.454,BAN49,96,BAN
374510.135,3965414.454,BAN66,96,BAN
337635.646,3965423.528,BAC-6,5,BAC
337630.265,3965430.729,BAC-5,5,BAC
337577.883,3965472.083,BAC-7,5,BAC
337597.781,3965472.938,BAC-8,5,BAC
337611.327,3965487.115,BAC-3,5,BAC
337638.993,3965487.716,BAC-2,5,BAC
337610.539,3965488.461,BAC-9,5,BAC
337623.205,3965494.109,BAC-4,5,BAC
337624.514,3965496.526,BAC-1,5,BAC
337578.754,3965524.443,BAC-10,5,BAC
373160.1343,3965624.453,BAN12,96,BAN
337446.059,3965626.418,BAC-11,5,BAC
357586.8582,3965749.387,EFK01,73,EFK
357571.8778,3965750.804,EFK03,73,EFK
357568.9673,3965751.598,EFK04,73,EFK
357590.9277,3965752.391,EFK02,73,EFK
357755.2934,3965755.443,EFK08,73,EFK
357741.2934,3965775.443,EFK06,73,EFK
357665.2938,3965779.443,EFK05,73,EFK
357698.2937,3965781.443,EFK07,73,EFK
370540.1322,3965784.45,BAN57,96,BAN
376941.138,3965813.46,BAN103,130,BANSCARP
357583.2942,3965814.564,EFK10,73,EFK
357583.2942,3965821.444,EFK09,73,EFK
376956.1381,3965824.46,BAN101,130,BANSCARP
357610.6785,3965842.478,EFK11,73,EFK
370490.1321,3965844.45,BAN56,96,BAN
376785.138,3965857.46,BAN109,130,BANSCARP
357638.0628,3965870.392,EFK12,73,EFK
376776.138,3965876.46,BAN108,130,BANSCARP
357640.1794,3965884.415,EFK13,73,EFK
376797.1381,3965889.46,BAN106,130,BANSCARP
370410.1321,3965894.45,BAN55,96,BAN
376909.1382,3965896.46,BAN104,130,BANSCARP
376790.1381,3965899.46,BAN107,130,BANSCARP
376920.1382,3965900.46,BAN105,130,BANSCARP
357597.0525,3965917.488,EFK14,73,EFK
357507.2945,3965963.444,EFK15,73,EFK
376300.1384,3966214.461,BAN20,96,BAN
376340.1385,3966214.461,BAN24,96,BAN
376290.1385,3966264.461,BAN25,96,BAN
371600.1336,3966594.455,BAN29,96,BAN
371470.1335,3966654.455,BAN30,96,BAN
366147.127,3966731.447,VGRA0099,122,VG
366136.127,3966763.447,VGRA5011,122,VG
366177.127,3966777.448,VGRA5022,122,VG
371380.1336,3966964.457,BAN31,96,BAN
371050.1333,3967194.457,BAN01,96,BAN
373120.1363,3967204.461,BAN60,96,BAN
373330.1366,3967224.461,BAN59,96,BAN
366915.1272,3967365.451,VGRA0022,122,VG
371100.1334,3967464.459,BAN58,96,BAN
372790.1361,3967492.462,BAN202,131,bbud
372902.1363,3967509.462,BAN207,131,bbud
373560.1374,3967524.463,BAN02,96,BAN
372813.1362,3967552.462,BAN203,131,bbud
372820.1362,3967562.462,BAN204,131,bbud
373070.1366,3967574.462,BAN72,96,BAN
367432.1277,3967583.453,VGRA5099,122,VG
372786.1362,3967586.462,BAN205,131,bbud
372882.1364,3967637.462,BAN209,131,bbud
372869.1364,3967647.462,BAN208,131,bbud
372810.1363,3967675.462,BAN210,131,bbud
372873.1365,3967694.463,BAN09,96,BAN
367835.128,3967981.455,VGRA5122,122,VG
373270.1379,3968284.466,BAN54,96,BAN
372680.1368,3968304.465,BAN28,96,BAN
373210.1378,3968324.466,BAN53,96,BAN
373230.1379,3968344.466,BAN52,96,BAN
368381.1287,3968384.458,VGRA5177,122,VG
371740.1353,3968694.465,BAN08,96,BAN
371730.1353,3968724.465,BAN07,96,BAN
364883.1215,3968738.453,VGLJ0044,122,VG
364887.1215,3968743.453,VGLJ0066,122,VG
364871.1214,3968749.453,VGLJ0033,122,VG
364840.1213,3968772.453,VGLJ0022,122,VG
364917.1212,3968886.453,VGLJ0011,122,VG
364855.1211,3968897.453,VGLJ0099,122,VG
364873.1211,3968911.453,VGLJ0077,122,VG
372280.1367,3968954.467,BAN73,96,BAN
341450.037,3968985.852,LFC-5,12,LFC
341513.439,3968999.103,LFC-6,12,LFC
364902.121,3969009.454,VGLJ0122,122,VG
364944.121,3969015.454,VGLJ0166,122,VG
372054.1362,3969023.467,BAN76,96,BAN
341511.463,3969024.863,LFC-8,12,LFC
341544.311,3969024.939,LFC-7,12,LFC
341517.585,3969029.746,LFC-9,12,LFC
341357.065,3969065.53,LFC-4,12,LFC
370654.1332,3969069.465,VCVGE004,122,VG
341362.819,3969085.604,LFC-3,12,LFC
341391.5105,3969088.843,LFC-10,12,LFC
372104.1364,3969089.468,BAN74,96,BAN
370699.1333,3969105.465,VCVGE002,122,VG
370651.1332,3969107.465,VCVGE001,122,VG
370715.1334,3969114.465,VCVGE003,122,VG
341410.356,3969124.42,LFC-1,12,LFC
372086.1364,3969130.468,BAN75,96,BAN
341417.267,3969130.472,LFC-2,12,LFC
341256.284,3969166.987,LFC-12,12,LFC
372880.1384,3969384.47,BAN61,96,BAN
362297.1322,3969538.456,VGSW5033,122,VG
362463.1311,3969570.456,BRH01,67,BRH
362465.1311,3969581.456,BRH02,67,BRH
362465.6566,3969600.47,BRH04,67,BRH
362195.1327,3969603.456,VGSW5055,122,VG
362461.131,3969628.456,BRH03,67,BRH
370999.1342,3969642.468,VCVGE005,122,VG
370968.1341,3969659.468,VCVGE006,122,VG
372460.1378,3969694.471,BAN64,96,BAN
362358.1315,3969740.456,VGSW5011,122,VG
370952.1342,3969870.469,VCVGE009,122,VG
378178.9088,3969915.847,LNL-4,45,LNL
377971.7757,3969956.984,LNL-1,45,LNL
378201.2009,3969973.785,LNL-8,45,LNL
378198.216,3969975.619,LNL-9,45,LNL
378234.247,3969976.676,LNL-7,45,LNL
378249.9401,3969980.693,LNL-5,45,LNL
378164.1911,3969987.96,LNL-11,45,LNL
378171.8543,3969989.222,LNL-10,45,LNL
378248.7205,3969989.382,LNL-6,45,LNL
377946.1057,3970015.158,LNL-2,45,LNL
377953.7797,3970017.197,LNL-13,45,LNL
377953.7797,3970017.197,LNL-14,45,LNL
377954.1442,3970017.432,LNL-12,45,LNL
377943.873,3970021.31,LNL-3,45,LNL
355699.3784,3970479.874,RDC50,81,RDC
355699.3784,3970479.874,RDC51,81,RDC
369565.1305,3970981.471,VGSE100,122,VG
349437.0308,3971016.483,ELF-10,18,ELF
349437.0308,3971016.483,ELF-10,50,
349357.1166,3971023.196,ELF-3,18,ELF
349357.1166,3971023.196,ELF-3,50,
349378.4551,3971029.208,ELF-2,18,ELF
349378.4551,3971029.208,ELF-2,50,
355948.986,3971033.779,RDC57,81,RDC
355948.986,3971033.779,RDC58,81,RDC
355948.986,3971033.779,RDC59,81,RDC
349344.9794,3971040.653,ELF-9,18,ELF
349344.9794,3971040.653,ELF-9,50,
349206.4187,3971041.078,ELF-8,18,ELF
349206.4187,3971041.078,ELF-8,50,
363118.1247,3971043.461,VGRS0155,122,VG
349370.2937,3971045.769,ELF-1,18,ELF
349370.2937,3971045.769,ELF-1,50,
349281.3306,3971067.427,ELF-6,18,ELF
349281.3306,3971067.427,ELF-6,50,
349230.3039,3971087.643,ELF-7,18,ELF
349230.3039,3971087.643,ELF-7,50,
349306.5272,3971098.269,ELF-4,18,ELF
349306.5272,3971098.269,ELF-4,50,
363288.1235,3971105.461,VGRS0099,122,VG
349323.4351,3971110.001,ELF-5,18,ELF
349323.4351,3971110.001,ELF-5,50,
355989.5854,3971122.151,RDC05,81,RDC
355989.5854,3971122.151,RDC06,81,RDC
363379.1229,3971135.461,VGRS0033,122,VG
363341.123,3971197.461,VGRS0011,122,VG
369821.1313,3971248.472,VGSE106,122,VG
369528.1304,3971273.472,VGSE213,122,VG
356853.3515,3971276.324,RDC32,81,RDC
369581.1305,3971276.472,VGSE212,122,VG
356198.9556,3971291.447,RDC61,81,RDC
356198.9556,3971291.447,RDC62,81,RDC
356193.5128,3971293.821,RDC60,81,RDC
369481.1302,3971387.472,VGSE214,122,VG
356985.545,3971487.324,RDC35,81,RDC
356436.9395,3971502.669,RDC22,81,RDC
356436.9395,3971502.669,RDC23,81,RDC
356433.3319,3971514.045,RDC19,81,RDC
356446.8952,3971515.156,RDC20,81,RDC
356276.0943,3971547.618,RDC63,81,RDC
356417.0222,3971549.484,RDC17,81,RDC
363936.1186,3971557.462,VCHGE008,122,VG
363737.1198,3971578.462,VCHGE004,122,VG
356483.8038,3971580.241,RDC14,81,RDC
356870.2031,3971602.591,RDC40,81,RDC
356975.7821,3971625.954,RDC39,81,RDC
363948.1184,3971629.463,VCHGE006,122,VG
368788.1279,3971643.472,VGSE066,122,VG
368298.1264,3971657.471,VGSE507,122,VG
363903.1186,3971666.463,VCHGE014,122,VG
363887.1187,3971674.463,VCHGE012,122,VG
375286.1489,3971678.486,PMR08,111,PMR
375291.1489,3971679.486,PMR09,111,PMR
368661.1275,3971683.472,VGSE508,122,VG
368871.1282,3971685.472,VGSE509,122,VG
368871.1282,3971685.472,VGSE511,122,VG
364326.1158,3971691.463,VGW02111,122,VG
369105.1289,3971697.473,VGSE081,122,VG
368829.128,3971699.472,VGSE064,122,VG
369126.129,3971708.473,VGSE080,122,VG
375263.1489,3971712.487,PMR05,111,PMR
364068.1175,3971713.463,VGR11,89,VGR
364063.1175,3971718.463,VGR10,89,VGR
364068.1174,3971718.463,VGR09,89,VGR
375412.1494,3971722.487,PMR21,111,PMR
375281.149,3971740.487,PMR07,111,PMR
369004.1286,3971753.473,VGSE068,122,VG
375246.1489,3971758.487,PMR06,111,PMR
363171.1231,3971776.463,VCHGE016,122,VG
368534.1271,3971776.472,VGSE041,122,VG
364683.1146,3971798.463,VGR01,89,VGR
356590.474,3971803.968,RDC07,81,RDC
364683.1146,3971806.463,VGR02,89,VGR
364580.1143,3971807.463,VGR08,89,VGR
364693.1146,3971816.463,VGR03,89,VGR
364698.1146,3971816.463,VGR04,89,VGR
364693.1146,3971821.463,VGR05,89,VGR
369001.1285,3971825.473,VGSE069,122,VG
364677.1145,3971828.963,VGR06,89,VGR
368209.126,3971829.471,VGSE0383,122,VG
368209.126,3971829.471,VGSE505,122,VG
364661.1145,3971836.463,VGR07,89,VGR
368545.1271,3971837.472,VGSE043,122,VG
356519.8045,3971839.402,RDC09,81,RDC
356513.8337,3971844.27,RDC10,81,RDC
356518.5676,3971852.182,RDC11,81,RDC
375466.1499,3971877.488,PMR22,111,PMR
368200.1259,3971879.471,VGSE033,122,VG
375462.1499,3971894.488,PMR24,111,PMR
375447.1499,3971896.488,PMR23,111,PMR
364561.1138,3971995.464,VGW02999,122,VG
364180.1162,3972002.464,VGW02888,122,VG
375469.1502,3972003.488,PMR15,111,PMR
364559.1138,3972006.464,VGW02777,122,VG
375466.1502,3972007.488,PMR14,111,PMR
375479.1502,3972007.488,PMR12,111,PMR
364556.1138,3972009.464,VGW02555,122,VG
375479.1502,3972010.488,PMR10,111,PMR
375479.1502,3972017.489,PMR11,111,PMR
364175.1162,3972019.464,VGW02666,122,VG
375447.1501,3972021.488,PMR13,111,PMR
375538.1505,3972024.489,PMR16,111,PMR
375538.1505,3972026.489,PMR02,111,PMR
375542.1505,3972029.489,PMR01,111,PMR
375490.1503,3972036.489,PMR03,111,PMR
375467.1503,3972046.489,PMR25,111,PMR
375475.1503,3972046.489,PMR27,111,PMR
375587.1507,3972073.489,PMR17,111,PMR
364454.1142,3972083.464,VGW03111,122,VG
375608.1508,3972087.489,PMR18,111,PMR
375407.6283,3972158.587,PME05,110,PME
375422.447,3972167.055,PME09,110,PME
375358.9383,3972179.756,PME03,110,PME
375437.2658,3972194.928,PME11,110,PME
375447.4977,3972207.482,PME15,110,PME
375439.7355,3972210.805,PME13,110,PME
372126.1392,3972342.482,EVG002,122,VG
372126.1392,3972342.482,EVG500,122,VG
375342.1506,3972395.49,PME17,110,PME
375794.1523,3972456.491,PME16,110,PME
375659.152,3972518.491,PME10,110,PME
375791.1524,3972518.492,PME08,110,PME
375652.152,3972525.491,PME12,110,PME
375811.1526,3972532.492,PME06,110,PME
375810.1526,3972541.492,PME04,110,PME
375796.1525,3972543.492,PME02,110,PME
369819.1311,3972545.478,VGCME274,122,VG
370757.1345,3972615.48,VGCME517,122,VG
381725.1744,3972626.507,VIL 1,90,VIL
370881.135,3972645.481,VGCME512,122,VG
381752.1746,3972648.507,VIL 4,90,VIL
370887.135,3972652.481,VGCME510,122,VG
381751.1747,3972659.507,VIL 3,90,VIL
370052.132,3972709.479,VGCME283,122,VG
381425.1738,3972737.506,VIL 6,90,VIL
381407.1738,3972747.506,VIL 8,90,VIL
381409.1738,3972747.506,VIL 7,90,VIL
381415.1738,3972754.507,VIL 10,90,VIL
381392.1738,3972755.506,VIL 9,90,VIL
381405.1738,3972755.506,VIL 11,90,VIL
379346.1661,3972756.501,PIPE 17,79,PIPE
381836.1755,3972769.508,VIL 13,90,VIL
381769.1753,3972778.508,VIL 15,90,VIL
379264.166,3972809.502,PIPE 1,79,PIPE
370834.1348,3972821.481,VGCME514,122,VG
379247.1661,3972833.502,PIPE 2,79,PIPE
379250.1663,3972892.502,PIPE 4,79,PIPE
379255.1663,3972892.502,PIPE 3,79,PIPE
379143.1659,3972893.502,PIPE 12,79,PIPE
335648.07,3972904.1,SBN-1,6,SBN
335648.07,3972904.1,SBN-1,50,
379599.1677,3972916.503,PIPE 27,79,PIPE
379201.1662,3972917.502,PIPE 11,79,PIPE
379160.1661,3972926.502,PIPE 25,79,PIPE
379165.1661,3972926.502,PIPE 26,79,PIPE
379120.1659,3972933.502,PIPE 10,79,PIPE
335645.636,3972938.212,SBN-3,6,SBN
335645.636,3972938.212,SBN-3,50,
335642.485,3972938.715,SBN-2,6,SBN
335642.485,3972938.715,SBN-2,50,
379157.1661,3972941.502,PIPE 24,79,PIPE
379123.166,3972944.502,PIPE 23,79,PIPE
335638.298,3972946.672,SBN-4,6,SBN
335638.298,3972946.672,SBN-4,50,
379132.166,3972948.502,PIPE 22,79,PIPE
379212.1664,3972953.502,PIPE 7,79,PIPE
379213.1664,3972957.502,PIPE 6,79,PIPE
379245.1665,3972957.502,PIPE 9,79,PIPE
379538.1676,3972957.503,PIPE 19,79,PIPE
379200.1664,3972963.502,PIPE 20,79,PIPE
379212.1664,3972965.502,PIPE 8,79,PIPE
379219.1665,3972976.502,PIPE 5,79,PIPE
374266.1506,3972979.49,PME18,110,PME
335749.89,3972984.32,SBN-10,6,SBN
335749.89,3972984.32,SBN-10,50,
370269.1328,3972995.481,VGCME262,122,VG
379136.1662,3972995.502,PIPE 13,79,PIPE
379136.1663,3973002.502,PIPE 14,79,PIPE
379173.1664,3973002.502,PIPE 21,79,PIPE
379474.1676,3973027.503,PIPE 18,79,PIPE
335799.489,3973034.109,SBN-9,6,SBN
335799.489,3973034.109,SBN-9,50,
379129.1663,3973034.502,PIPE 15,79,PIPE
374287.1479,3973036.491,PME19,110,PME
335785.277,3973041.919,SBN-8,6,SBN
335785.277,3973041.919,SBN-8,50,
379113.1663,3973045.502,PIPE 16,79,PIPE
335684.793,3973047.897,SBN-5,6,SBN
335684.793,3973047.897,SBN-5,50,
335668.687,3973050.971,SBN-7,6,SBN
335668.687,3973050.971,SBN-7,50,
370792.1348,3973053.482,VGCME518,122,VG
335677.635,3973056.242,SBN-6,6,SBN
335677.635,3973056.242,SBN-6,50,
373242.8683,3973302.45,PMW10,112,PMW
366874.1198,3973307.474,VGWNW501,122,VG
373214.6648,3973335.354,PMW09,112,PMW
366774.1193,3973354.474,VGWNW502,122,VG
373202.13,3973371.392,PMW08,112,PMW
373195.8626,3973413.698,PMW07,112,PMW
373253.8365,3973435.634,PMW14,112,PMW
373197.4295,3973452.869,PMW06,112,PMW
371019.1358,3973485.485,VGCME298,122,VG
373197.4296,3973485.773,PMW05,112,PMW
373253.8366,3973503.009,PMW11,112,PMW
373211.1445,3973519.49,PMW04,112,PMW
373231.1446,3973547.49,PMW02,112,PMW
371244.1367,3973553.486,VGCME303,122,VG
366379.1174,3973636.474,VGWNW488,122,VG
375372.3467,3973643.787,CME06,99,CME
366378.1174,3973666.474,VGWNW498,122,VG
375330.3577,3973667.519,CME05,99,CME
366559.1181,3973671.474,VGWNW499,122,VG
375403.3821,3973682.125,CME03,99,CME
366390.1174,3973686.474,VGWNW496,122,VG
375317.5785,3973689.427,CME04,99,CME
375370.5212,3973709.509,CME02,99,CME
357169.5364,3973710.526,RBS29,105,RBS1
375335.8346,3973727.765,CME01,99,CME
371308.137,3973728.486,VGCME307,122,VG
357185.8084,3973737.344,RBS2,105,RBS1
357225.0689,3973739.359,RBS27,113,RBS3
357211.4909,3973740.137,RBS28,113,RBS3
371322.1371,3973747.487,VGCME306,122,VG
357258.2683,3973782.541,RBS22,113,RBS3
357275.5865,3973783.777,RBS23,113,RBS3
357248.116,3973784.072,RBS26,113,RBS3
366220.1165,3973787.474,VGWNW492,122,VG
357184.085,3973800.492,RBS17,105,RBS1
357235.9531,3973804.489,RBS19,113,RBS3
366244.1166,3973805.474,VGWNW487,122,VG
357213.0556,3973818.967,RBS25,113,RBS3
357226.6174,3973819.092,RBS18,113,RBS3
357151.2415,3973829.772,RBS13,105,RBS1
366253.1165,3973933.475,VGWNW006,122,VG
352478.9848,3974095.041,UWC-1,17,UWC
352478.9848,3974095.041,UWC-1,50,
352461.8245,3974113.47,UWC-2,17,UWC
352461.8245,3974113.47,UWC-2,50,
352419.9319,3974141.116,UWC-3,17,UWC
352419.9319,3974141.116,UWC-3,50,
352394.717,3974152.06,UWC-11,17,UWC
352394.717,3974152.06,UWC-11,50,
352431.9869,3974155.671,UWC-4,17,UWC
352431.9869,3974155.671,UWC-4,50,
352454.262,3974157.869,UWC-5,17,UWC
352454.262,3974157.869,UWC-5,50,
356215.1672,3974181.474,ABH 4 05,134,alamo
352391.182,3974181.764,UWC-10,17,UWC
352391.182,3974181.764,UWC-10,50,
356281.1667,3974182.474,ABH 4 04,134,alamo
352403.2501,3974182.727,UWC-9,17,UWC
352403.2501,3974182.727,UWC-9,50,
352428.084,3974183.18,UWC-7,17,UWC
352428.084,3974183.18,UWC-7,50,
352435.1461,3974183.506,UWC-6,17,UWC
352435.1461,3974183.506,UWC-6,50,
352400.6742,3974188.836,UWC-8,17,UWC
352400.6742,3974188.836,UWC-8,50,
352399.9261,3974204.364,UWC-12,17,UWC
352399.9261,3974204.364,UWC-12,50,
356288.1667,3974248.474,ABH 4 02,134,alamo
344936.2158,3974270.212,SSP4,114,SSP1
374027.1489,3974270.496,CMN11,100,CMN
344873.9332,3974273.538,SSP42,114,SSP1
374018.1488,3974274.496,CMN10,100,CMN
374486.1508,3974274.497,CMN49,132,cmn2
344960.7662,3974274.996,SSP10,114,SSP1
374090.1492,3974276.496,CMN03,100,CMN
356309.1665,3974277.474,ABH 4 01,134,alamo
344872.343,3974277.779,SSP41,114,SSP1
344935.3416,3974282.101,SSP3,114,SSP1
344893.493,3974283.769,SSP48,114,SSP1
374102.1492,3974286.496,CMN04,100,CMN
374033.1489,3974287.496,CMN09,100,CMN
344894.8501,3974292.088,SSP47,114,SSP1
374102.1492,3974292.496,CMN05,100,CMN
344917.2972,3974298.175,SSP2,114,SSP1
374005.1488,3974298.496,CMN12,100,CMN
344914.9721,3974299.436,SSP1,114,SSP1
374550.1512,3974303.497,CMN53,132,cmn2
374056.1491,3974306.496,CMN07,100,CMN
344919.8482,3974314.885,SSP7,114,SSP1
344923.3091,3974316.6,SSP6,114,SSP1
374524.1511,3974322.497,CMN50,132,cmn2
344892.9597,3974326.011,SSP9,114,SSP1
374535.1512,3974328.497,CMN51,132,cmn2
373937.0006,3974329.59,CMN20,100,CMN
373928.1486,3974333.496,CMN18,100,CMN
373921.1485,3974334.496,CMN19,100,CMN
374045.1491,3974335.496,CMN13,100,CMN
375903.4828,3974335.862,CAS28,97,CAS
375945.2028,3974335.862,CAS29,97,CAS
373934.3553,3974348.107,CMN42,132,cmn2
374085.1493,3974350.496,CMN47,132,cmn2
374049.1491,3974356.496,CMN43,132,cmn2
375922.6045,3974356.722,CAS30,97,CAS
374040.1677,3974356.925,CMN14,100,CMN
374500.1511,3974368.497,CMN52,132,cmn2
375969.5396,3974368.89,CAS22,97,CAS
374016.149,3974384.496,CMN16,100,CMN
375997.3531,3974388.012,CAS21,97,CAS
374386.1506,3974402.497,CMN58,132,cmn2
375922.6046,3974408.872,CAS15,97,CAS
375964.3247,3974412.349,CAS12,97,CAS
375865.2396,3974422.778,CAS31,97,CAS
376019.9515,3974422.779,CAS20,97,CAS
375924.3431,3974431.47,CAS10,97,CAS
375966.0632,3974431.47,CAS08,97,CAS
373878.1485,3974445.496,CMN31,100,CMN
376037.3349,3974450.592,CAS25,97,CAS
373893.1486,3974452.496,CMN29,100,CMN
373911.1487,3974461.496,CMN28,100,CMN
373926.1488,3974471.496,CMN25,100,CMN
373893.794,3974471.555,CMN45,132,cmn2
376018.2133,3974474.929,CAS27,97,CAS
375922.6048,3974476.667,CAS14,97,CAS
376046.0267,3974476.667,CAS26,97,CAS
374017.1,3974486.73,CMN22,100,CMN
373908.1487,3974490.496,CMN24,100,CMN
344985.9383,3974494.814,SSP59,115,SSP2
344972.6435,3974498.599,SSP24,115,SSP2
375934.7732,3974516.649,CAS23,97,CAS
344943.888,3974526.734,SSP23,115,SSP2
344931.71,3974527.282,SSP22,115,SSP2
344970.009,3974533.599,SSP17,115,SSP2
344931.1344,3974535.614,SSP20,115,SSP2
344989.291,3974536.588,SSP16,115,SSP2
375913.9133,3974537.509,CAS06,97,CAS
344987.9694,3974548.706,SSP15,115,SSP2
375948.6801,3974549.677,CAS18,97,CAS
344977.4084,3974551.058,SSP51,115,SSP2
344958.2601,3974551.711,SSP57,115,SSP2
344983.0185,3974556.818,SSP55,115,SSP2
344965.2741,3974556.86,SSP52,115,SSP2
344973.2302,3974557.621,SSP18,115,SSP2
344975.1039,3974561.599,SSP54,115,SSP2
344969.7261,3974564.735,SSP53,115,SSP2
375979.9701,3974565.322,CAS19,97,CAS
375938.2501,3974568.799,CAS17,97,CAS
375891.315,3974570.537,CAS04,97,CAS
375820.0431,3974572.275,CAS01,97,CAS
375861.7632,3974572.275,CAS02,97,CAS
371297.1374,3974573.49,VGCME535,122,VG
345009.8127,3974579.281,SSP19,115,SSP2
375788.7531,3974580.967,CAS03,97,CAS
344970.0157,3974585.307,SSP58,115,SSP2
375912.1751,3974587.921,CAS16,97,CAS
375901.745,3974589.659,CAS09,97,CAS
375952.1568,3974589.659,CAS24,97,CAS
375926.0818,3974596.612,CAS13,97,CAS
375868.7166,3974600.089,CAS07,97,CAS
375884.3617,3974612.257,CAS11,97,CAS
375816.5666,3974619.21,CAS05,97,CAS
360127.1397,3974639.474,VJW093,121,VJ
371478.1383,3974720.491,VGCME326,122,VG
357109.1608,3974825.476,ABH 3 01,134,alamo
357077.161,3974881.476,ABH 3 02,134,alamo
357582.1574,3974886.476,ABH 2 09,134,alamo
356725.1635,3974887.476,ALA22,134,alamo
356742.1634,3974889.476,ALA24,134,alamo
360599.1361,3974891.475,VJW092,121,VJ
357599.1573,3974903.476,ABH 2 01,134,alamo
356736.1634,3974919.476,ALA20,134,alamo
356737.1634,3974953.477,ALA18,134,alamo
356733.1634,3974968.477,ALA15,134,alamo
356746.1633,3974995.477,ALA08,134,alamo
356749.1633,3974995.477,ALA10,134,alamo
356729.1634,3975006.477,ALA12,134,alamo
357020.1614,3975038.477,ALA04,134,alamo
357020.1614,3975041.477,ALA06,134,alamo
357043.1612,3975049.477,ALA02,134,alamo
361080.1324,3975111.476,VJW083,121,VJ
361270.131,3975116.476,VJW075,121,VJ
361223.1313,3975135.476,VJW081,121,VJ
361484.1294,3975148.476,VJW018,121,VJ
361524.1291,3975211.476,VJW022,121,VJ
361366.1302,3975229.476,VJW079,121,VJ
358295.1522,3975229.477,ABH 1 02,134,alamo
358312.1521,3975244.477,ABH 1 01,134,alamo
358346.1518,3975249.477,ABH 1 03,134,alamo
374773.1539,3975261.502,CAN01,68,CAN
374790.154,3975261.502,CAN02,68,CAN
374848.1543,3975280.503,CAN08,68,CAN
374821.1542,3975281.503,CAN07,68,CAN
375023.1551,3975283.503,CAN41,68,CAN
374817.1542,3975285.503,CAN06,68,CAN
357044.1611,3975296.478,ALA30,134,alamo
374847.1543,3975296.503,CAN05,68,CAN
374813.1542,3975308.503,CAN14,68,CAN
357011.1613,3975313.478,ALA26,134,alamo
374807.1542,3975315.503,CAN22,68,CAN
374898.1546,3975316.503,CAN11,68,CAN
374810.1542,3975318.503,CAN15,68,CAN
374802.1542,3975319.503,CAN16,68,CAN
374898.1546,3975319.503,CAN10,68,CAN
374919.1547,3975319.503,CAN12,68,CAN
374813.1542,3975322.503,CAN19,68,CAN
374816.1542,3975322.503,CAN18,68,CAN
357015.1613,3975326.478,ALA28,134,alamo
374766.154,3975327.503,CAN25,68,CAN
374801.1542,3975327.503,CAN17,68,CAN
357066.1609,3975329.478,ALA32,134,alamo
374764.154,3975330.503,CAN23,68,CAN
374813.1542,3975330.503,CAN20,68,CAN
374806.1542,3975332.503,CAN21,68,CAN
374709.1538,3975340.503,CAN27,68,CAN
374709.1538,3975343.503,CAN26,68,CAN
374703.1537,3975350.503,CAN28,68,CAN
374717.1538,3975362.503,CAN29,68,CAN
374740.1539,3975365.503,CAN30,68,CAN
356985.1615,3975366.478,ALA34,134,alamo
374743.154,3975366.503,CAN31,68,CAN
356548.1646,3975371.478,ALA13,134,alamo
356565.1645,3975376.478,ALA11,134,alamo
374735.1539,3975377.503,CAN32,68,CAN
356502.165,3975394.478,ALA14,134,alamo
374967.1551,3975394.504,CAN43,68,CAN
356625.1641,3975404.478,ALA16,134,alamo
356618.1641,3975408.478,ALA09,134,alamo
356590.1643,3975431.478,ALA07,134,alamo
374930.155,3975438.504,CAN44,68,CAN
374901.1549,3975456.504,CAN46,68,CAN
374997.1554,3975464.504,CAN40,68,CAN
357889.155,3975470.478,ABL04,134,alamo
356618.1641,3975503.478,ALA05,134,alamo
356648.1639,3975519.479,ALA03,134,alamo
356640.1639,3975524.479,ALA01,134,alamo
363028.1177,3975532.477,VJW017,121,VJ
364163.1095,3975544.476,VJW003,121,VJ
364182.1093,3975551.476,VJW001,121,VJ
363138.1169,3975557.477,VJW015,121,VJ
363044.1176,3975567.477,VJW024,121,VJ
357585.1571,3975573.478,ABL01,134,alamo
357499.1577,3975586.478,ABL02,134,alamo
361864.126,3975687.477,VJO008,121,VJ
357112.1605,3975718.479,ABU20,65,ABU
357145.1602,3975750.479,ABU03,65,ABU
357212.1597,3975761.479,ABU05,65,ABU
357162.1601,3975762.479,ABU04,65,ABU
361177.1308,3975784.478,VJO002,121,VJ
361184.1308,3975792.478,VJO001,121,VJ
364283.108,3975842.477,VJW006,121,VJ
364356.1075,3975844.477,VJW004,121,VJ
361336.1296,3975854.478,VJO003,121,VJ
361390.1292,3975872.478,VJO004,121,VJ
366478.1146,3975873.482,VGCM452,122,VG
363758.1118,3975878.477,VJW016,121,VJ
366452.1144,3975882.482,VGCM800,122,VG
363841.1112,3975888.477,VJW012,121,VJ
363841.1112,3975888.477,VJW014,121,VJ
366472.1145,3975888.482,VGCM801,122,VG
364018.1098,3975921.477,VJW008,121,VJ
362564.1205,3975926.478,VJE022,121,VJ
356765.1629,3975942.48,NAB03,134,alamo
363944.1103,3975976.478,VJW010,121,VJ
366245.1133,3975976.482,VGCM457,122,VG
361439.1287,3975984.479,VJO005,121,VJ
367345.1186,3976002.485,VGCM470,122,VG
356773.1629,3976014.48,NAB05,134,alamo
356823.1625,3976100.48,NAB07,134,alamo
356828.1624,3976103.48,NAB13,134,alamo
357218.1596,3976107.48,ABU13,65,ABU
357218.1596,3976109.48,ABU14,65,ABU
356815.1625,3976116.481,NAB15,134,alamo
356846.1623,3976141.481,NAB09,134,alamo
356865.1621,3976177.481,NAB11,134,alamo
367302.1182,3976185.486,VGCM472,122,VG
367311.1181,3976304.486,VGCM474,122,VG
362745.1185,3976319.479,VJE018,121,VJ
362730.1186,3976326.479,VJE019,121,VJ
348669.569,3976327.134,BRC-8,4,BRC
348765.322,3976349.679,BRC-7,4,BRC
348726.257,3976350.646,BRC-6,4,BRC
349427.115,3976365.972,BRC-3,4,BRC
348781.703,3976370.629,BRC-5,4,BRC
349381.853,3976372.959,BRC-2,4,BRC
348732.698,3976417.186,BRC-9,4,BRC
348773.198,3976431.489,BRC-10,4,BRC
348759.39,3976444.69,BRC-11,4,BRC
349411.931,3976458.2,BRC-1,4,BRC
362935.1169,3976479.48,VJE016,121,VJ
365422.1082,3976551.482,ABR07,64,ABR
363048.1159,3976569.48,VJE017,121,VJ
335218.3304,3976576.289,TCN-7,23,TCN
335181.0397,3976578.096,TCN-5,23,TCN
335175.9584,3976579.098,TCN-6,23,TCN
335181.6751,3976579.897,TCN-4,23,TCN
362920.1168,3976582.48,VJE014,121,VJ
341768.981,3976594.855,OJI-7,11,OJI
341768.981,3976594.855,OJI-7,50,
362911.1169,3976595.48,VJE015,121,VJ
365589.109,3976595.482,ABR04,64,ABR
365554.1088,3976598.482,ABR03,64,ABR
365417.1081,3976599.482,ABR05,64,ABR
365553.1088,3976602.482,ABR02,64,ABR
341712.416,3976605.255,OJI-6,11,OJI
341712.416,3976605.255,OJI-6,50,
365556.1088,3976606.482,ABR01,64,ABR
341657.042,3976606.965,OJI-8,11,OJI
341657.042,3976606.965,OJI-8,50,
341648.486,3976610.558,OJI-9,11,OJI
341648.486,3976610.558,OJI-9,50,
335107.0789,3976621.298,TCN-1,23,TCN
341505.64,3976626.074,OJI-11,11,OJI
341505.64,3976626.074,OJI-11,50,
341826.754,3976630.899,OJI-1,11,OJI
341826.754,3976630.899,OJI-1,50,
335178.6701,3976634.772,TCN-3,23,TCN
341523.615,3976641.822,OJI-10,11,OJI
341523.615,3976641.822,OJI-10,50,
341806.487,3976655.823,OJI-2,11,OJI
341806.487,3976655.823,OJI-2,50,
335098.6426,3976656.041,TCN-11,23,TCN
341675.502,3976694.481,OJI-5,11,OJI
341675.502,3976694.481,OJI-5,50,
362994.1161,3976703.481,VJE012,121,VJ
362726.1181,3976717.481,VJE011,121,VJ
335097.3887,3976719.243,TCN-10,23,TCN
341697.722,3976734.317,OJI-4,11,OJI
341697.722,3976734.317,OJI-4,50,
341744.092,3976737.283,OJI-3,11,OJI
341744.092,3976737.283,OJI-3,50,
362113.1226,3976790.481,VJE001,121,VJ
364651.1037,3976823.48,VJE006,121,VJ
362674.1182,3976878.481,VJE008,121,VJ
362500.1194,3976940.481,VJE005,121,VJ
362530.1192,3976941.481,VJE003,121,VJ
362554.1189,3976990.482,VJE020,121,VJ
364576.1034,3977087.481,VJE004,121,VJ
359056.1452,3977302.484,VSC015,119,VSC
359039.1453,3977305.484,VSC017,119,VSC
358936.1459,3977476.485,VSC020,119,VSC
363948.1071,3977683.484,VSR043,117,VSR
363900.1074,3977707.484,VSR041,117,VSR
364544.1023,3977784.484,VSR029,117,VSR
358952.1456,3977785.486,VSC018,119,VSC
364368.1035,3977880.484,VSR035,117,VSR
364556.1019,3977925.484,VSR031,117,VSR
364536.102,3977945.484,VSR033,117,VSR
358616.148,3978108.487,VSC011,119,VSC
359039.1447,3978116.487,VSC016,119,VSC
358724.1471,3978122.487,VSC013,119,VSC
349034.784,3978197.174,OAC24,109,OAC3
349051.4933,3978211.378,OAC23,109,OAC3
349048.7833,3978216.103,OAC22,109,OAC3
349057.5626,3978216.846,OAC21,109,OAC3
349042.8196,3978218.958,OAC28,109,OAC3
349062.0023,3978227,OAC25,109,OAC3
349062.0023,3978227,OAC26,109,OAC3
349062.0023,3978227,OAC31,109,OAC3
349062.0023,3978227,OAC32,109,OAC3
358314.1503,3978236.487,VSC007,119,VSC
348956.5839,3978236.918,OAC18,123,OAC2
348986.3162,3978250.108,oac12,123,OAC2
349022.6483,3978251.243,OAC1,109,OAC3
349023.0868,3978256.973,OAC14,109,OAC3
358080.1521,3978257.488,VSC001,119,VSC
349056.6725,3978265.978,OAC15,109,OAC3
358084.152,3978266.488,VSC003,119,VSC
349058.0774,3978268.027,OAC16,123,OAC2
357600.1558,3978268.488,VSC008,119,VSC
358250.1507,3978279.488,VSC005,119,VSC
357592.1559,3978282.488,VSC010,119,VSC
358950.1452,3978290.487,VSC014,119,VSC
361297.1268,3978291.487,VSRW006,117,VSR
349049.7551,3978299.252,OAC13,109,OAC3
361660.1239,3978318.487,VSRW007,117,VSR
361660.1239,3978318.487,VSRW008,117,VSR
357886.1536,3978323.488,VSC006,119,VSC
358900.1456,3978339.488,VSC012,119,VSC
359107.144,3978366.488,VSLD001,118,VSLD
359187.1433,3978367.488,VSLD003,118,VSLD
361596.1243,3978392.487,VSRW004,117,VSR
359182.1433,3978420.488,VSLD002,118,VSLD
357895.1534,3978437.488,VSC004,119,VSC
358003.1526,3978460.488,VSC002,119,VSC
377571.5978,3978559.627,CPS-6,46,CPS
359387.1416,3978578.488,VSLD004,118,VSLD
377574.2072,3978591.569,CPS-5,46,CPS
363079.1123,3978595.487,VSR011,117,VSR
377567.6646,3978596.616,CPS-4,46,CPS
377586.9555,3978614.061,CPS-3,46,CPS
363054.1125,3978615.487,VSR023,117,VSR
381548.1207,3978637.986,LHV-8,43,LHV
381545.7394,3978638.683,LHV-9,43,LHV
381589.179,3978648.86,LHV-5,43,LHV
381604.872,3978653.013,LHV-7,43,LHV
381587.9737,3978653.148,LHV-6,43,LHV
377584.7677,3978657.841,CPS-2,46,CPS
381610.1634,3978664.11,LHV-10,43,LHV
381570.4376,3978666.216,LHV-4,43,LHV
359405.1413,3978694.489,VSLD005,118,VSLD
359398.1414,3978699.489,VSLD007,118,VSLD
377574.6842,3978702.396,CPS-1,46,CPS
381369.8997,3978702.458,LHV-1,43,LHV
381548.343,3978703.661,LHV-2,43,LHV
381558.5469,3978704.392,LHV-3,43,LHV
361854.1218,3978748.488,VSRW002,117,VSR
359416.1412,3978748.489,VSLD009,118,VSLD
359622.1395,3978834.489,VSLD006,118,VSLD
362979.1126,3978925.488,VSR001,117,VSR
363074.1117,3979000.488,VSR010,117,VSR
369425.2711,3979063.056,USA-1,16,USA
369494.6319,3979065.041,USA-11,16,USA
369371.5121,3979066.775,USA-2,16,USA
369372.445,3979090.116,USA-5,16,USA
369552.9162,3979094.762,USA-10,16,USA
369555.4398,3979095.612,USA-9,16,USA
369361.9072,3979097.373,USA-4,16,USA
369376.1125,3979101.175,USA-3,16,USA
369539.3038,3979104.579,USA-6,16,USA
363135.111,3979130.489,VSR012,117,VSR
363135.111,3979130.489,VSR013,117,VSR
363082.1114,3979154.489,VSR014,117,VSR
369536.4228,3979154.679,USA-7,16,USA
369553.6177,3979176.576,USA-8,16,USA
359617.1391,3979383.491,VSLD013,118,VSLD
362324.1169,3979542.49,VSASC101,120,VSA
362331.1169,3979544.49,VSASC100,120,VSA
363127.1103,3979570.49,VSR051,117,VSR
363128.1103,3979586.49,VSR052,117,VSR
363289.1087,3979786.491,VSR053,117,VSR
359655.1384,3979849.492,VSLD015,118,VSLD
356665.1628,3979867.493,VSASC546,120,VSA
356663.1628,3979869.493,VSASC548,120,VSA
359662.138,3980254.494,VSLD019,118,VSLD
356755.162,3980373.495,VSASC547,120,VSA
356771.1618,3980378.495,VSASC545,120,VSA
356485.1642,3980548.496,VSASC529,120,VSA
356503.164,3980590.496,VSASC533,120,VSA
356538.1637,3980628.496,VSASC537,120,VSA
356657.1627,3980642.496,VSASC541,120,VSA
363981.1009,3980911.495,VSASE166,120,VSA
363996.1008,3980924.495,VSASE165,120,VSA
364019.1005,3980953.495,VSASE174,120,VSA
364140.0994,3980992.495,VSASE370,120,VSA
364358.0975,3981052.495,VSASE106,120,VSA
363971.1007,3981059.495,VSASE060,120,VSA
363585.104,3981087.495,VSASE372,120,VSA
382072.1002,3981138.201,MSC-1,42,MSC
332344.6393,3981496.623,SPC76,86,SPC
333350.6547,3981544.881,SPC34,86,SPC
357464.1556,3981626.499,VSASC524,120,VSA
333744.2277,3981634.088,SPC23,86,SPC
332920.3426,3981643.58,SPC62,86,SPC
332920.3426,3981643.58,SPC63,86,SPC
332920.3426,3981643.58,SPC65,86,SPC
357414.1561,3981646.499,VSASC507,120,VSA
333147.5164,3981658.058,SPC37,86,SPC
333833.3974,3981720.606,SPC22,86,SPC
333547.474,3981755.828,SPC32,86,SPC
354686.1794,3981863.501,VSAW010,120,VSA
333881.6318,3981870.413,SPC17,86,SPC
354654.1797,3981878.501,VSAW008,120,VSA
354152.184,3981880.501,VSAW012,120,VSA
333856.4569,3981882.522,SPC16,86,SPC
333784.1667,3981889.011,SPC12,86,SPC
333783.3417,3981895.481,SPC15,86,SPC
333652.9953,3981897.41,SPC07,86,SPC
333642.3295,3981908.228,SPC09,86,SPC
333642.3295,3981908.228,SPC31,86,SPC
333696.0623,3981944.627,SPC10,86,SPC
333462.9001,3981960.23,SPC05,86,SPC
333365.5941,3982013.324,SPC03,86,SPC
333357.9916,3982063.424,SPC04,86,SPC
354986.1769,3982141.502,VSAW009,120,VSA
342719.216,3982213.518,BLC-1,9,BLC
364594.0932,3982226.499,VSANE197,120,VSA
342843.608,3982233.912,BLC-11,9,BLC
342779.993,3982242.262,BLC-8,9,BLC
378218.2376,3982242.667,MSC-4,42,MSC
378187.9719,3982247.32,MSC-8,42,MSC
363725.1008,3982247.499,VSANE281,120,VSA
342817.655,3982250.447,BLC-9,9,BLC
378211.0374,3982252.363,MSC-3,42,MSC
378208.6561,3982254.06,MSC-5,42,MSC
378199.2496,3982254.209,MSC-2,42,MSC
342731.22,3982261.333,BLC-3,9,BLC
363444.1032,3982261.499,VSANE408,120,VSA
342761.987,3982261.818,BLC-7,9,BLC
342726.724,3982262.615,BLC-2,9,BLC
342654.494,3982263.834,BLC-12,9,BLC
342829.17,3982263.89,BLC-10,9,BLC
342669.387,3982276.939,BLC-5,9,BLC
342627.317,3982279.448,BLC-6,9,BLC
378196.9537,3982282.68,MSC-6,42,MSC
364723.0922,3982286.499,VSANE400,120,VSA
364487.094,3982288.499,VSANE222,120,VSA
366466.105,3982293.505,VTW009,116,VTW
342721.987,3982296.322,BLC-4,9,BLC
378196.6977,3982302.173,MSC-7,42,MSC
364622.0928,3982321.499,VSANE204,120,VSA
361897.1166,3982322.5,VSANC367,120,VSA
364606.0929,3982331.499,VSANE207,120,VSA
378149.7307,3982362.956,MSC-9,42,MSC
355130.1757,3982379.503,VSAW015,120,VSA
355130.1757,3982384.503,VSAW017,120,VSA
361881.1167,3982401.5,VSANC604,120,VSA
361278.1219,3982477.501,VSANC345,120,VSA
362139.1143,3982494.501,VSANC338,120,VSA
359418.1382,3982539.502,VSANW608,120,VSA
361226.1222,3982590.501,VSANC605,120,VSA
331711.5861,3982622.181,SNS16,85,SNS
331708.8513,3982625.396,SNS17,85,SNS
359179.1401,3982700.502,VSANW319,120,VSA
360375.1295,3982781.502,VSANC351,120,VSA
332269.9239,3982978.257,SNS30,85,SNS
332268.4114,3982985.499,SNS29,85,SNS
332276.4395,3982992.596,SNS26,85,SNS
331513.8232,3983100.564,SNS13,85,SNS
358187.1486,3983288.505,VSANW702,120,VSA
355318.1742,3983297.506,VSAW021,120,VSA
332131.8504,3983315.384,SNS79,85,SNS
332131.8504,3983315.384,SNS81,85,SNS
331553.695,3983331.346,SNS14,85,SNS
331366.7156,3983386.941,SNS03,85,SNS
355270.1746,3983393.506,VSAW016,120,VSA
355240.1749,3983430.506,VSAW018,120,VSA
355228.175,3983432.506,VSAW020,120,VSA
331163.9118,3983515.958,SNS55,85,SNS
331099.0565,3983528.912,SNS50,85,SNS
331967.5178,3983588.059,SNS78,85,SNS
352040.9905,3983719.772,TWC141,126,TWC2
352045.3303,3983719.792,TWC142,126,TWC2
352027.02,3983724.118,TWC132,126,TWC2
352046.7944,3983726.407,TWC140,126,TWC2
352033.7134,3983726.6,TWC10,126,TWC2
352014.8811,3983728.628,TWC135,126,TWC2
352018.014,3983730.668,TWC134,126,TWC2
351987.891,3983733.278,TWC143,126,TWC2
352054.2784,3983733.638,TWC13,126,TWC2
352012.0026,3983735.001,TWC101,126,TWC2
352012.0026,3983735.001,TWC120,126,TWC2
352012.0026,3983735.001,TWC70,126,TWC2
352012.0026,3983735.001,TWC71,126,TWC2
352012.0026,3983735.001,TWC73,126,TWC2
352012.0026,3983735.001,TWC76,126,TWC2
352012.0026,3983735.001,TWC83,126,TWC2
352012.0026,3983735.001,TWC85,126,TWC2
352012.0026,3983735.001,TWC86,126,TWC2
352012.0026,3983735.001,TWC87,126,TWC2
352012.0026,3983735.001,TWC89,126,TWC2
352012.0026,3983735.001,TWC90,126,TWC2
352012.0026,3983735.001,TWC91,126,TWC2
352012.0026,3983735.001,TWC96,126,TWC2
352007.4575,3983737.571,TWC158,126,TWC2
351996.464,3983738.714,TWC148,126,TWC2
352017.5986,3983738.776,TWC151,126,TWC2
352006.9648,3983739.745,TWC157,126,TWC2
352013.9452,3983740.847,TWC153,126,TWC2
352023.9311,3983741.776,TWC137,126,TWC2
352015.9229,3983742.032,TWC155,126,TWC2
352026.6433,3983742.13,TWC130,126,TWC2
352056.7095,3983742.898,TWC14,126,TWC2
351994.6433,3983743.264,TWC22,126,TWC2
352025.9255,3983744.43,TWC139,126,TWC2
352008.107,3983745.186,TWC146,126,TWC2
352061.3221,3983747.498,TWC15,126,TWC2
351991.044,3983751.286,TWC144,126,TWC2
352015.6289,3983752.416,TWC156,126,TWC2
352252.2733,3983959.817,TWC1,127,TWC3
352258.0166,3983964.212,TWC2,127,TWC3
352291.8735,3983968.387,TWC68,127,TWC3
352264.11,3983969.69,TWC3,127,TWC3
352313.8314,3983979.216,TWC66,127,TWC3
352310.0793,3983986.198,TWC7,127,TWC3
352252.968,3983990.302,TWC61,127,TWC3
352300.6589,3984001.348,TWC102,127,TWC3
352271.0051,3984007.995,TWC160,127,TWC3
352259.2295,3984023.743,TWC60,127,TWC3
352308.4064,3984038.663,TWC65,127,TWC3
384841.5033,3984146.339,JPE-11,44,JPE
384832.6421,3984158.12,JPE-10,44,JPE
384864.0175,3984183.432,JPE-5,44,JPE
384864.0175,3984183.432,JPE-6,44,JPE
384867.7764,3984185.916,JPE-3,44,JPE
384730.4885,3984188.493,JPE-7,44,JPE
384841.4534,3984195.266,JPE-2,44,JPE
384740.3709,3984203.025,JPE-9,44,JPE
384740.1036,3984203.266,JPE-8,44,JPE
384809.1221,3984205.915,JPE-4,44,JPE
384776.7914,3984220.04,JPE-1,44,JPE
331736.0917,3985190.061,SNN1,84,SNN
331734.8692,3985196.854,SNN2,84,SNN
331681.4944,3985230.392,SNN5,84,SNN
333613.3619,3985638.584,SNN15,84,SNN
333613.3619,3985638.584,SNN16,84,SNN
331294.3856,3985793.928,SNN43,84,SNN
333003.3692,3985807.651,SNN20,84,SNN
331312.1417,3985813.691,SNN42,84,SNN
333001.8655,3985832.426,SNN19,84,SNN
331890.934,3985945.009,SNN80,84,SNN
331837.0913,3985949.184,SNN83,84,SNN
331230.8195,3985967.861,SNN93,84,SNN
331237.5154,3986015.988,SNN49,84,SNN
331540.0837,3986025.326,SNN92,84,SNN
331838.3162,3986176.065,SNN91,84,SNN
331839.6681,3986178.387,SNN90,84,SNN
332790.5222,3986200.939,SNN37,84,SNN
332784.1641,3986206.553,SNN39,84,SNN
332706.888,3986212.131,SNN33,84,SNN
332715.6299,3986214.739,SNN32,84,SNN
332703.3927,3986230.286,SNN31,84,SNN
332734.0141,3986265.806,SNN35,84,SNN
366376.7351,3986296.897,MRI-3,19,MRI
366376.7351,3986296.897,MRI-3,49,MRI
366376.7351,3986296.897,MRI-3,50,
366389.2417,3986305.232,MRI-1,19,MRI
366389.2417,3986305.232,MRI-1,49,MRI
366389.2417,3986305.232,MRI-1,50,
332416.8674,3986305.977,SNN11,84,SNN
366382.2958,3986309.85,MRI-2,49,MRI
366382.2958,3986309.85,MRI-2,50,
332382.9299,3986313.616,SNN12,84,SNN
366364.74,3986319.215,MRI-4,19,MRI
366364.74,3986319.215,MRI-4,49,MRI
366364.74,3986319.215,MRI-4,50,
366363.8318,3986320.745,MRI-5,19,MRI
366363.8318,3986320.745,MRI-5,49,MRI
366363.8318,3986320.745,MRI-5,50,
332356.6177,3986328.656,SNN13,84,SNN
366193.564,3986370.974,MRI-10,19,MRI
366193.564,3986370.974,MRI-10,49,MRI
366193.564,3986370.974,MRI-10,50,
366231.8787,3986372.202,MRI-7,19,MRI
366231.8787,3986372.202,MRI-7,49,MRI
366231.8787,3986372.202,MRI-7,50,
366257.4592,3986373.828,MRI-6,19,MRI
366257.4592,3986373.828,MRI-6,49,MRI
366257.4592,3986373.828,MRI-6,50,
366227.8208,3986374.076,MRI-8,19,MRI
366227.8208,3986374.076,MRI-8,49,MRI
366227.8208,3986374.076,MRI-8,50,
366208.9895,3986376.619,MRI-9,19,MRI
366208.9895,3986376.619,MRI-9,49,MRI
366208.9895,3986376.619,MRI-9,50,
332287.0783,3986403.116,SNN14,84,SNN
379483.0032,3986722.304,GAM23,104,GAM
379502.2211,3986767.589,GAM18,104,GAM
345758,3986775,RPN-7,10,RPN
345774,3986780,RPN-5,10,RPN
379551.0368,3986780.619,GAM17,104,GAM
345800,3986788,RPN-4,10,RPN
345773,3986789,RPN-6,10,RPN
380458.2532,3986792.999,GAM24,104,GAM
380432.3203,3986794.036,GAM20,104,GAM
345855,3986806,RPN-3,10,RPN
379436.0284,3986814.635,GAM21,104,GAM
345858,3986815,RPN-1,10,RPN
345862,3986824,RPN-2,10,RPN
345801,3986826,RPN-8,10,RPN
379593.1529,3986830.834,GAM19,104,GAM
379450.607,3986837.313,GAM22,104,GAM
345803,3986842,RPN-9,10,RPN
345808,3986920,RPN-10,10,RPN
380426.6461,3986921.165,GAM13,104,GAM
380432.2299,3986923.594,GAM12,104,GAM
380469.6644,3986934.075,GAM25,104,GAM
380442.6943,3986951.709,GAM11,104,GAM
380389.2298,3986976.595,GAM10,104,GAM
380543.2315,3987044.596,GAM14,104,GAM
345768,3987071,RPN-11,10,RPN
380559.2321,3987135.597,GAM16,104,GAM
380645.3531,3987338.631,GAM09,104,GAM
380880.8309,3987338.632,GAM15,104,GAM
381003.9218,3987376.095,GAM08,104,GAM
380377.0515,3988059.258,GAM05,104,GAM
340397.517,3988090.298,APW-11,13,APW
380430.4702,3988094.87,GAM07,104,GAM
340400.156,3988108.985,APW-10,13,APW
340367.627,3988122.098,APW-9,13,APW
380401.9804,3988123.36,GAM06,104,GAM
380420.525,3988162.959,GAM04,104,GAM
340221.625,3988163.816,APW-8,13,APW
340180.059,3988175.115,APW-7,13,APW
340127.44,3988211.584,APW-6,13,APW
340199.867,3988222.341,APW-4,13,APW
340153.655,3988245.34,APW-5,13,APW
340212.629,3988290.557,APW-3,13,APW
340229.079,3988292.016,APW-1,13,APW
380754.5454,3988561.395,GAM02,104,GAM
380818.6481,3988653.988,GAM03,104,GAM
380750.9847,3988675.355,GAM01,104,GAM
357401.0451,3989223.531,UCC-7,20,UCC
357398.2573,3989224.816,UCC-8,20,UCC
357392.5818,3989224.945,UCC-11,20,UCC
357396.5086,3989228.117,UCC-9,20,UCC
357395.3494,3989230.725,UCC-10,20,UCC
357363.5982,3989239.101,UCC-12,20,UCC
357416.6659,3989242.935,UCC-6,20,UCC
357423.3157,3989250.076,UCC-5,20,UCC
357470.783,3989270.683,UCC-3,20,UCC
357455.8899,3989272.016,UCC-2,20,UCC
357298.6513,3989286.149,UCC-13,20,UCC
357456.6449,3989305.531,UCC-1,20,UCC
357319.438,3989308.262,UCC-15,20,UCC
364147.1136,3990147.584,CHB04,70,CHB
364131.1137,3990149.584,CHB02,70,CHB
364158.1135,3990157.584,CHB06,70,CHB
364370.1116,3990180.585,CHB13,70,CHB
364280.1125,3990189.585,CHB17,70,CHB
364398.1115,3990199.585,CHB11,70,CHB
364179.1135,3990201.585,CHB12,70,CHB
364200.1133,3990206.585,CHB14,70,CHB
364217.1133,3990238.586,CHB16,70,CHB
364387.1117,3990240.586,CHB07,70,CHB
363867.1166,3990246.585,CHB18,70,CHB
364338.1123,3990272.586,CHB01,70,CHB
364385.1121,3990311.587,CHB10,70,CHB
355671.433,3990906.144,CYC-6,7,CYC
355671.433,3990906.144,CYC-6,48,CYC
355671.433,3990906.144,CYC-6,50,
355685.8,3990933.758,CYC-7,7,CYC
355685.8,3990933.758,CYC-7,48,CYC
355685.8,3990933.758,CYC-7,50,
355735.84,3991057.301,CYC-9,7,CYC
355735.84,3991057.301,CYC-9,48,CYC
355735.84,3991057.301,CYC-9,50,
355790.78,3991068.547,CYC-8,7,CYC
355790.78,3991068.547,CYC-8,48,CYC
355790.78,3991068.547,CYC-8,50,
355673.066,3991098.871,CYC-10,7,CYC
355673.066,3991098.871,CYC-10,48,CYC
355673.066,3991098.871,CYC-10,50,
355557.396,3991108.359,CYC-1,7,CYC
355557.396,3991108.359,CYC-1,48,CYC
355557.396,3991108.359,CYC-1,50,
351695.8677,3991122.738,VCW-7,25,VCW
351879.3109,3991124.889,VCW-9,25,VCW
351859.9234,3991141.768,VCW-8,25,VCW
355486.586,3991147.197,CYC-5,48,CYC
351901.8751,3991168.929,VCW-10,25,VCW
355521.201,3991171.166,CYC-4,7,CYC
355521.201,3991171.166,CYC-4,48,CYC
355521.201,3991171.166,CYC-4,50,
351684.4744,3991177.173,VCW-6,25,VCW
355520.153,3991189.547,CYC-2,7,CYC
355520.153,3991189.547,CYC-2,48,CYC
355520.153,3991189.547,CYC-2,50,
351786.5163,3991215.338,VCW-11,25,VCW
351747.1695,3991220.6,VCW-1,25,VCW
351754.8993,3991236.308,VCW-2,25,VCW
351669.5367,3991294.583,VCW-5,25,VCW
351690.4404,3991296.356,VCW-3,25,VCW
351680.8279,3991306.024,VCW-4,25,VCW
348747.777,3994375.669,MPB35,77,MPB
348347.5266,3994502.433,MPB13,77,MPB
349122.0277,3994684.017,MPB34,77,MPB
347725.7856,3994871.639,MPB4,77,MPB
347724.8196,3994883.418,MPB2,77,MPB
347711.0178,3995063.421,MPB7,77,MPB
348379.5053,3995178.761,MPB30,77,MPB
347654.7237,3995306.526,MPB8,77,MPB
347654.7237,3995306.526,MPB9,77,MPB
347642.2934,3995353.014,MPB12,77,MPB
366985.1481,3995479.668,SECO 6,83,SECO
366992.1482,3995479.669,SECO 5,83,SECO
348591.8304,3995488.45,MPB33,77,MPB
367075.149,3995489.669,SECO 1,83,SECO
367026.1486,3995505.669,SECO 2,83,SECO
367022.1486,3995509.669,SECO 3,83,SECO
367008.1485,3995518.669,SECO 7,83,SECO
366966.1482,3995527.669,SECO 13,83,SECO
367008.1486,3995531.669,SECO 4,83,SECO
367055.1491,3995547.67,SECO 15,83,SECO
368010.1581,3995577.672,POL2,80,POL
368015.1581,3995577.672,POL1,80,POL
348003.2829,3995587.31,MPB26,77,MPB
348526.4999,3995600.877,MPB18,77,MPB
367011.1489,3995608.67,SECO 8,83,SECO
367027.1491,3995616.671,SECO 9,83,SECO
348154.3766,3995705.084,MPB24,77,MPB
367054.1497,3995708.672,SECO 14,83,SECO
367064.1498,3995714.672,SECO 12,83,SECO
367069.1499,3995718.672,SECO 11,83,SECO
367062.1498,3995722.672,SECO 10,83,SECO
348262.6166,3995787.54,MPB22,77,MPB
361950.677,3995939.111,BQC-9,14,BQC
361942.248,3995951.652,BQC-8,14,BQC
361955.093,3995962.231,BQC-7,14,BQC
357307.2803,3995990.709,MLN-9,27,MLN
357313.2104,3995990.815,MLN-8,27,MLN
357428.2296,3996001.553,MLN-7,27,MLN
357450.3434,3996029.599,MLN-6,27,MLN
361734.215,3996035.749,BQC-2,14,BQC
361738.348,3996040.881,BQC-1,14,BQC
357461.8011,3996046.574,MLN-4,27,MLN
361782.306,3996049.247,BQC-3,14,BQC
357462.4879,3996072.157,MLN-5,27,MLN
357200.6496,3996087.54,MLN-10,27,MLN
357301.9041,3996095.449,MLN-3,27,MLN
357290.8801,3996110.608,MLN-2,27,MLN
357219.5969,3996115.562,MLN-11,27,MLN
361814.622,3996143.79,BQC-6,14,BQC
361766.314,3996153.577,BQC-4,14,BQC
357156.5081,3996171.997,MLN-1,27,MLN
361795.653,3996177.099,BQC-5,14,BQC
352947.793,3997249.201,CYB-10,8,CYB
352947.793,3997249.201,CYB-10,50,
352868.872,3997265.268,CYB-5,8,CYB
352868.872,3997265.268,CYB-5,50,
353067.435,3997288.135,CYB-9,8,CYB
353067.435,3997288.135,CYB-9,50,
353060.795,3997291.132,CYB-7,8,CYB
353060.795,3997291.132,CYB-7,50,
353061.053,3997291.479,CYB-8,8,CYB
353061.053,3997291.479,CYB-8,50,
352919.065,3997322.808,CYB-6,8,CYB
352919.065,3997322.808,CYB-6,50,
352845.862,3997369.33,CYB-3,8,CYB
352845.862,3997369.33,CYB-3,50,
353042.43,3997386.146,CYB-11,8,CYB
353042.43,3997386.146,CYB-11,50,
352797.26,3997403.122,CYB-4,8,CYB
352797.26,3997403.122,CYB-4,50,
352960.489,3997442.08,CYB-1,8,CYB
352960.489,3997442.08,CYB-1,50,
352961.224,3997467.57,CYB-2,8,CYB
352961.224,3997467.57,CYB-2,50,
358518.5069,3999703.637,MSP-6,26,MSP
358518.5069,3999703.637,MSP-6,50,
358580.9435,3999721.176,MSP-10,26,MSP
358580.9435,3999721.176,MSP-10,50,
358565.0287,3999733.361,MSP-9,26,MSP
358332.8147,3999740.765,MSP-8,26,MSP
358332.8147,3999740.765,MSP-8,50,
358304.0968,3999751.605,MSP-5,26,MSP
358304.0968,3999751.605,MSP-5,50,
358358.7681,3999752.809,MSP-7,26,MSP
358358.7681,3999752.809,MSP-7,50,
358490.7046,3999761.786,MSP-1,26,MSP
358490.7046,3999761.786,MSP-1,50,
358301.6522,3999791.442,MSP-4,26,MSP
358301.6522,3999791.442,MSP-4,50,
358309.658,3999793.901,MSP-3,26,MSP
358309.658,3999793.901,MSP-3,50,
358445.0867,3999800.861,MSP-2,26,MSP
358445.0867,3999800.861,MSP-2,50,
364431.1623,4002370.763,CPE12,72,CPE
364455.1622,4002409.764,CPE10,72,CPE
364404.1249,4002418.026,CPE11,72,CPE
364415.8266,4002441.43,CPE09,72,CPE
364474.3345,4002449.232,CPE07,72,CPE
364396.163,4002460.764,CPE08,72,CPE
364435.1627,4002472.765,CPE06,72,CPE
364494.1622,4002487.765,CPE04,72,CPE
364411.9263,4002499.939,CPE05,72,CPE
364458.7326,4002511.641,CPE03,72,CPE
364420.163,4002523.765,CPE02,72,CPE
365442.1618,4002569.769,CPE27,72,CPE
365406.567,4002574.054,CPE01,72,CPE
365294.6438,4002576.179,CPE28,72,CPE
365336.1607,4002577.769,CPE25,72,CPE
365371.4617,4002577.955,CPE26,72,CPE
365285.1604,4002616.77,CPE21,72,CPE
365387.1614,4002620.77,CPE23,72,CPE
365336.3565,4002620.862,CPE22,72,CPE
365429.9708,4002620.862,CPE24,72,CPE
365332.161,4002651.77,CPE18,72,CPE
365289.5495,4002652.066,CPE17,72,CPE
365332.1612,4002694.771,CPE14,72,CPE
365414.162,4002694.771,CPE16,72,CPE
365297.3508,4002694.973,CPE13,72,CPE
365375.3628,4002694.973,CPE15,72,CPE
354377.2998,4012917.834,MEPS 2,76,MEPS
354393.3,4012946.834,MEPS 1,76,MEPS
354446.3003,4013011.836,MEPS 3,76,MEPS
354455.3014,4013116.839,MEPS 5,76,MEPS
354472.3013,4013124.839,MEPS 6,76,MEPS
354479.3015,4013139.84,MEPS 8,76,MEPS
354497.3014,4013147.84,MEPS 4,76,MEPS
354667.3009,4013238.844,CDPH1,69,CDPH
354486.3027,4013248.842,MEPS 7,76,MEPS
354649.3013,4013253.844,CDPH2,69,CDPH
354645.3016,4013276.844,CDPH3,69,CDPH
354623.3019,4013289.844,CDPH5,69,CDPH
354636.3019,4013296.845,CDPH4,69,CDPH
354711.3013,4013306.846,CDPH8,69,CDPH
354636.3025,4013347.846,CDPH7,69,CDPH
354546.3035,4013364.846,CDPH6,69,CDPH
322735.0537,4019348.025,LJA03,75,LJA
322789.2353,4019397.105,LJA04,75,LJA
322292.2033,4019408.156,LJA06,75,LJA
322710.8787,4019409.559,LJA05,75,LJA
322445.9588,4019436.855,LJA08,75,LJA
322544.5402,4019451.712,LJA01,75,LJA
322469.4301,4019488.056,LJA07,75,LJA
324144.6396,4019718.358,CON08,71,CON
324194.7951,4019741.956,CON07,71,CON
324145.6411,4019780.358,CON06,71,CON
324075.6436,4019857.36,CON04,71,CON
324018.6749,4019861.543,CON05,71,CON
324235.6426,4019870.356,CON02,71,CON
324167.8286,4019911.159,CON01,71,CON
325560.732,4023167.97,LGU12,106,LGU
325297.0162,4023292.287,LGU10,106,LGU
325392.4586,4023313.971,LGU13,106,LGU
325392.1458,4023396.846,LGU02,106,LGU
325400.6243,4023487.579,LGU01,106,LGU
325290.7388,4023575.189,LGU03,106,LGU
325118.0681,4023641.744,LGU06,106,LGU
325318.9908,4023643.629,LGU04,106,LGU
325290.1239,4023709.878,LGU05,106,LGU
324912.7199,4023808.465,LGU11,106,LGU
